Trip_Duration_Minutes,Traffic_Conditions,Base_Fare,Weather,Day_of_Week,Time_of_Day,Passenger_Count,Trip_Price
71.35,Low,4.48,,Weekday,Afternoon,4.0,
,High,2.3,Clear,Weekday,Night,2.0,25.6218
24.02,Low,3.51,Clear,Weekday,Afternoon,2.0,52.2336
6.47,Low,4.15,Clear,Weekday,Evening,4.0,66.90710000000001
48.72,Medium,3.85,Clear,Weekend,Afternoon,4.0,58.65549999999999
106.23,Low,2.35,Clear,Weekday,Afternoon,,42.4232
71.29,Medium,3.06,Clear,Weekday,Morning,3.0,38.447500000000005
74.12,High,2.9,Clear,Weekday,Afternoon,2.0,72.356
62.79,Low,4.46,Clear,,Evening,2.0,
44.62,Medium,4.74,Snow,Weekend,Morning,1.0,45.385000000000005
,Low,2.76,Clear,Weekend,Evening,3.0,40.9716
100.12,,3.72,Rain,Weekend,,1.0,110.2544
15.91,Low,4.6,,,Afternoon,4.0,43.823600000000006
82.53,High,3.95,Clear,Weekday,Evening,2.0,57.0482
,High,4.55,Rain,Weekday,Evening,1.0,28.164300000000004
,Medium,,Clear,Weekday,Morning,4.0,51.45840000000001
68.97,Low,2.77,Clear,Weekday,Evening,1.0,79.6245
5.05,High,3.51,Rain,Weekday,Afternoon,4.0,11.2645
6.37,Low,3.8,Clear,Weekday,Afternoon,3.0,19.9427
115.73,High,3.34,Clear,Weekday,Night,2.0,89.0764
97.35,Low,2.34,Clear,Weekday,Morning,1.0,64.05529999999999
40.72,Low,3.38,Rain,Weekend,Night,,
112.17,Low,2.45,Clear,Weekday,Evening,1.0,88.6814
86.31,High,4.11,Clear,Weekday,Evening,2.0,51.9016
85.28,Medium,4.75,Clear,Weekday,Morning,2.0,37.0004
86.46,Low,4.01,Rain,Weekday,Morning,2.0,20.2751
117.57,Medium,3.55,Clear,Weekend,Morning,4.0,
42.63,Medium,3.65,Clear,Weekday,Evening,4.0,75.4875
35.2,,4.75,Clear,Weekend,Afternoon,3.0,45.5308
82.54,Medium,4.27,Clear,Weekday,Evening,2.0,53.056
89.6,High,4.85,Clear,Weekday,Evening,1.0,48.0134
,High,2.81,Snow,Weekday,Morning,3.0,66.85679999999999
113.36,High,2.58,Clear,Weekend,Afternoon,3.0,87.7201
57.56,Low,4.52,Clear,,,3.0,73.587
115.59,Low,,Clear,Weekend,Afternoon,1.0,62.8
62.02,Medium,2.81,Rain,Weekend,Morning,1.0,63.1719
105.23,Low,4.56,Clear,Weekday,Night,2.0,84.873
34.47,Low,2.57,Clear,Weekday,Night,4.0,47.6252
82.76,Low,,Rain,Weekday,Evening,1.0,102.3316
,Low,3.48,Clear,Weekend,Morning,4.0,47.3268
61.16,Low,3.32,Clear,Weekday,Afternoon,3.0,32.7396
62.07,Medium,4.6,Clear,Weekend,Afternoon,2.0,
12.42,Medium,2.03,Rain,Weekday,Afternoon,3.0,31.4168
98.13,Medium,4.81,Rain,Weekday,Morning,4.0,32.2622
9.66,Low,3.89,Clear,Weekday,Afternoon,4.0,45.782
81.37,Medium,3.36,Clear,Weekday,Morning,1.0,
42.88,High,4.41,Clear,Weekday,Night,3.0,83.375
,Medium,4.74,Rain,Weekday,Afternoon,1.0,96.939
27.99,High,3.58,Rain,Weekday,Afternoon,3.0,69.1972
13.54,Low,4.26,Clear,Weekend,Morning,1.0,13.9334
75.8,Low,,Clear,Weekday,Afternoon,1.0,46.9988
97.47,Low,4.21,Snow,Weekday,Morning,3.0,107.7025
11.7,Medium,3.25,Snow,Weekday,Night,4.0,19.4986
38.38,Medium,2.77,Clear,Weekday,Afternoon,4.0,25.9025
42.67,Low,3.29,Rain,Weekday,Afternoon,3.0,70.2411
53.88,High,4.46,Clear,Weekday,Afternoon,4.0,327.21766546350466
43.98,High,2.71,Clear,Weekday,Afternoon,2.0,39.538
56.78,Low,4.39,Rain,Weekday,,1.0,283.6452005933156
77.86,Low,2.52,Snow,Weekday,Morning,4.0,128.6549
97.58,Medium,4.17,Clear,Weekday,Morning,3.0,64.86420000000001
,Medium,3.05,Clear,Weekday,Afternoon,1.0,19.0904
55.74,Medium,3.61,Clear,Weekday,Afternoon,3.0,42.1098
7.59,Low,,Clear,Weekday,Afternoon,1.0,83.69649999999999
55.61,Medium,2.08,Clear,Weekday,Evening,4.0,76.4286
30.98,High,4.13,Clear,Weekday,Afternoon,,247.5983178992313
58.8,Medium,2.6,Clear,Weekday,Afternoon,1.0,45.9215
114.93,Low,4.42,Clear,Weekday,Morning,4.0,56.716
113.4,Medium,4.8,Clear,Weekend,Afternoon,4.0,54.42370000000001
64.47,Medium,3.38,,Weekday,Evening,1.0,46.4367
17.7,Medium,3.19,Clear,Weekend,Afternoon,3.0,44.7904
63.9,High,4.8,Rain,Weekend,Afternoon,2.0,59.68299999999999
11.2,Low,4.97,Snow,Weekend,Evening,2.0,41.6946
89.4,High,4.35,Clear,,Morning,4.0,60.315
24.8,Low,4.96,Clear,Weekday,Night,3.0,24.6913
96.08,Medium,2.76,Rain,Weekday,Afternoon,1.0,91.8308
98.29,Low,2.25,Clear,Weekday,,3.0,48.1365
5.93,High,2.83,Clear,Weekend,Evening,2.0,11.596999999999998
9.69,High,3.61,Clear,Weekend,Evening,4.0,61.2568
63.09,Medium,4.33,Rain,Weekend,Morning,3.0,72.553
58.17,Medium,3.23,Clear,Weekday,Night,2.0,26.6477
103.28,Low,3.15,Rain,Weekday,Afternoon,2.0,77.5496
42.43,,2.1,Rain,Weekend,Afternoon,1.0,33.1785
62.23,Medium,3.92,Rain,Weekday,,4.0,54.62179999999999
54.73,Low,,Clear,Weekend,Afternoon,3.0,62.9006
14.18,Low,2.58,Clear,Weekday,Evening,4.0,49.852
5.5,High,4.49,Clear,Weekday,Afternoon,1.0,41.834700000000005
91.53,Medium,2.82,Clear,Weekend,Morning,4.0,47.375
99.77,High,2.48,Clear,Weekend,,3.0,49.7657
17.2,Medium,2.73,Clear,Weekend,Afternoon,3.0,29.532000000000004
19.13,,3.25,Rain,Weekday,Evening,2.0,19.1962
119.21,Low,4.46,Clear,Weekday,Morning,3.0,99.8038
29.8,High,3.26,Clear,Weekday,Morning,4.0,30.698
72.37,Low,2.32,Clear,Weekend,Afternoon,2.0,20.791
87.41,Medium,4.75,Clear,Weekday,Afternoon,1.0,54.49459999999999
57.22,High,2.52,Clear,Weekend,Afternoon,2.0,57.1264
9.1,Low,4.44,Clear,Weekday,,4.0,40.8518
37.19,Medium,3.58,Rain,Weekend,Evening,4.0,62.7976
70.95,Medium,3.25,Snow,Weekend,Morning,2.0,73.5818
5.01,Medium,2.89,Clear,Weekday,Afternoon,4.0,20.9951
54.88,Medium,2.55,Clear,Weekday,Evening,2.0,35.0028
35.49,Low,4.35,Rain,Weekend,Night,4.0,43.8543
63.01,High,2.8,Clear,Weekend,Evening,1.0,12.2396
22.64,High,2.93,Clear,Weekday,Evening,3.0,15.618000000000002
99.2,High,3.54,Clear,Weekday,Night,1.0,66.6318
97.16,Low,2.25,Clear,Weekday,Morning,1.0,239.17140732641303
39.05,Medium,2.22,Clear,Weekday,Afternoon,3.0,52.9083
14.65,Medium,4.94,Clear,Weekday,Night,2.0,53.0315
70.65,High,3.76,Clear,Weekday,Night,1.0,64.5434
67.27,Low,3.94,Rain,Weekend,Afternoon,4.0,61.9923
39.21,Low,4.32,Clear,Weekend,,3.0,28.1281
104.35,Medium,4.94,Clear,Weekday,Morning,3.0,76.737
69.27,Medium,4.34,Rain,Weekend,Evening,4.0,87.6519
93.07,Low,4.15,Clear,Weekday,Afternoon,2.0,78.1988
23.53,Low,2.58,Rain,Weekend,Morning,4.0,52.7821
35.41,Low,4.75,,Weekend,Afternoon,1.0,52.9872
26.73,High,,Clear,Weekday,Evening,2.0,75.03649999999999
106.66,Low,3.94,Clear,Weekend,Morning,4.0,100.5938
75.09,Low,3.17,Clear,Weekend,Morning,4.0,28.7693
72.33,Medium,4.28,Clear,Weekend,Night,1.0,51.2721
70.04,Medium,2.7,Clear,Weekday,Night,3.0,54.436800000000005
27.6,High,4.4,,Weekend,Afternoon,1.0,41.5138
119.84,Medium,3.24,Clear,Weekday,Afternoon,2.0,43.19980000000001
48.83,Medium,3.65,Rain,Weekday,Night,3.0,31.306
,Low,2.28,Clear,Weekday,Evening,3.0,63.0548
117.75,Medium,3.48,Clear,Weekday,Morning,3.0,89.472
67.33,Medium,2.07,Rain,Weekend,Evening,1.0,61.459500000000006
17.18,Medium,2.38,Clear,Weekend,Evening,2.0,46.0189
105.79,Medium,2.11,Clear,Weekday,Evening,3.0,62.6572
65.91,Low,3.07,Rain,Weekday,Morning,4.0,33.0286
59.08,Low,4.88,Clear,Weekend,Afternoon,4.0,108.9734
38.23,Low,,Rain,Weekday,Morning,2.0,66.1224
96.01,Low,3.51,Rain,Weekday,Morning,2.0,70.8329
42.81,Low,2.15,Clear,Weekday,Evening,,29.7551
71.86,,,Clear,Weekday,Evening,1.0,102.885
,Medium,2.86,Rain,Weekday,Afternoon,2.0,59.475
119.17,Low,3.34,Clear,Weekend,Morning,2.0,79.2381
117.25,Medium,3.28,Clear,Weekend,Afternoon,1.0,35.284
82.21,Medium,4.81,Snow,Weekday,Evening,3.0,
19.66,Low,2.45,Clear,Weekday,Morning,2.0,78.95210000000002
66.91,Medium,4.86,Clear,Weekday,Afternoon,2.0,30.5797
80.37,,4.15,Clear,Weekday,Afternoon,3.0,29.645000000000003
108.49,Medium,4.18,Clear,Weekday,Morning,4.0,71.2142
16.46,Medium,3.35,Clear,Weekday,Afternoon,1.0,58.6974
52.09,High,4.48,Clear,Weekday,Afternoon,3.0,50.996100000000006
109.77,Low,4.01,Clear,Weekday,Morning,2.0,37.355900000000005
51.91,Medium,2.63,Rain,Weekend,Night,2.0,26.076
111.09,Low,3.21,Rain,Weekend,Afternoon,2.0,109.89649999999996
35.59,Low,,Snow,Weekday,Morning,1.0,37.2489
74.77,High,2.3,Rain,Weekday,Afternoon,2.0,26.1176
70.14,High,2.05,Clear,Weekday,Afternoon,2.0,82.3678
68.64,,2.13,Rain,Weekday,Morning,1.0,70.7341
115.21,Medium,,Rain,Weekday,Morning,1.0,63.432300000000005
67.24,Low,3.09,,Weekday,Afternoon,2.0,44.5344
80.61,Medium,2.01,Clear,Weekday,Afternoon,2.0,38.9965
110.81,Medium,2.49,Snow,Weekday,Evening,2.0,48.4142
31.66,Medium,3.68,,Weekday,Morning,3.0,
63.47,Medium,4.82,Clear,Weekday,Morning,3.0,48.127500000000005
78.36,Low,,Clear,Weekend,Afternoon,4.0,69.91480000000001
25.61,Medium,2.65,Clear,Weekday,Morning,3.0,55.3348
81.01,Medium,,Clear,,Afternoon,4.0,73.0726
6.1,Low,3.58,Clear,Weekend,Afternoon,4.0,40.4165
92.72,Medium,3.41,Clear,Weekday,,1.0,57.9476
117.71,Low,4.68,Rain,Weekend,Evening,4.0,34.5311
107.25,High,4.03,Clear,Weekend,,2.0,
55.29,Low,3.51,Clear,Weekday,Evening,1.0,33.7491
65.68,Low,4.29,Clear,Weekday,Afternoon,1.0,54.76660000000001
66.51,High,3.38,Clear,Weekday,Morning,3.0,78.18800000000002
53.82,Low,3.56,Clear,Weekday,Morning,3.0,36.2624
51.44,Low,2.59,Rain,Weekday,Afternoon,4.0,58.9584
33.58,Low,3.01,Clear,Weekday,Morning,3.0,34.952
59.14,Medium,3.58,Clear,Weekday,Morning,3.0,60.0471
54.3,Medium,3.08,Snow,Weekday,Evening,3.0,50.07450000000001
81.33,Low,2.2,Clear,Weekend,,3.0,23.3579
36.56,High,4.92,Rain,,Morning,4.0,65.084
106.96,Low,4.85,,Weekday,Afternoon,1.0,61.2287
73.59,Medium,2.6,,Weekend,Evening,2.0,96.2845
58.31,Medium,3.38,Clear,Weekday,Night,1.0,45.8161
72.79,Medium,3.22,Clear,Weekend,Night,3.0,77.18900000000001
11.01,Low,3.51,Clear,Weekday,Morning,1.0,39.9195
22.2,Medium,4.02,Clear,Weekday,Morning,1.0,41.2036
79.41,Medium,4.9,Clear,Weekday,Evening,3.0,51.8548
48.93,High,2.79,Clear,Weekday,Morning,1.0,45.2346
5.65,Low,4.85,Clear,Weekday,Evening,4.0,44.88589999999999
62.01,Low,2.43,Rain,Weekday,Morning,3.0,72.86829999999999
16.33,Medium,2.93,Clear,,Morning,1.0,77.40390000000001
13.75,Medium,4.51,Clear,Weekday,Evening,4.0,50.789
20.67,Low,2.44,,Weekday,Afternoon,2.0,35.016400000000004
10.76,Low,4.81,Clear,,Afternoon,4.0,28.7716
114.7,Medium,2.41,Rain,Weekday,Afternoon,2.0,86.3545
59.03,Low,4.9,Clear,Weekend,Afternoon,4.0,95.2278
31.26,Low,3.47,Clear,Weekday,,2.0,11.5061
33.26,Low,4.04,,Weekday,Night,,55.053
31.43,Medium,,Rain,Weekday,Evening,2.0,
70.61,Medium,2.22,Clear,Weekend,Afternoon,1.0,58.59289999999999
47.54,Low,3.73,Snow,Weekday,Evening,3.0,53.16
31.19,High,2.62,Clear,Weekend,Afternoon,1.0,14.6127
43.66,Medium,3.96,Clear,Weekday,Afternoon,4.0,36.5375
17.41,Medium,3.46,Rain,Weekend,Afternoon,2.0,61.1936
100.83,High,2.7,Clear,Weekday,Morning,3.0,55.7598
69.06,Low,4.07,Clear,Weekday,Morning,1.0,
63.88,Medium,2.43,Clear,,Morning,4.0,47.177
83.15,Medium,4.13,Clear,Weekday,Afternoon,4.0,99.8989
106.74,,3.53,Clear,Weekday,Morning,1.0,45.6902
91.82,Medium,2.77,,Weekday,Afternoon,,36.6701
26.43,Low,3.15,Clear,Weekday,Afternoon,2.0,54.6247
87.74,Medium,3.77,Clear,Weekday,Evening,1.0,77.0499
39.63,,3.56,Rain,Weekend,Afternoon,4.0,78.744
36.68,Medium,2.98,Rain,Weekend,Afternoon,4.0,44.7092
44.14,Medium,,Clear,Weekend,Morning,2.0,25.1968
98.52,,4.43,Clear,Weekend,Afternoon,2.0,69.749
13.69,Medium,2.63,Clear,Weekend,Evening,3.0,8.6709
94.38,Low,,Clear,Weekend,Morning,3.0,25.4386
21.11,High,2.74,Clear,Weekday,Evening,1.0,97.7908
58.01,Low,2.86,Clear,Weekday,Morning,3.0,68.2181
57.18,Low,2.36,Clear,Weekday,Afternoon,4.0,
50.02,High,,Clear,Weekday,Afternoon,1.0,
102.57,High,4.28,Clear,Weekday,Evening,4.0,51.6275
88.44,Low,3.66,Clear,Weekend,Morning,1.0,29.9812
73.93,High,4.67,Rain,Weekend,Evening,1.0,65.587
29.64,Low,2.43,Clear,Weekend,Night,,13.4484
39.71,Low,3.08,,Weekend,Afternoon,2.0,84.4676
28.41,Medium,4.58,Clear,Weekday,Evening,1.0,52.6453
5.61,High,4.37,Clear,Weekday,Evening,2.0,31.7717
34.03,Medium,3.13,Clear,Weekend,Afternoon,3.0,90.7801
,High,3.44,,Weekday,Afternoon,4.0,87.89620000000001
113.75,High,4.11,Clear,Weekday,,3.0,53.040000000000006
89.21,Medium,4.46,Rain,Weekday,Afternoon,3.0,329.9130039401465
88.77,Low,4.36,Clear,Weekday,,2.0,62.4379
101.99,High,3.95,Clear,Weekend,Afternoon,2.0,36.2571
87.9,Medium,4.41,Rain,Weekday,Evening,2.0,71.6404
,Medium,4.82,Rain,,Afternoon,3.0,
87.75,High,2.71,Clear,Weekend,Morning,1.0,97.75249999999998
75.75,Medium,2.52,Clear,Weekend,Morning,1.0,19.8829
19.63,High,4.13,Clear,Weekday,Evening,1.0,74.59979999999999
53.8,Medium,3.73,,Weekday,Morning,4.0,26.2988
92.82,Low,2.9,Clear,Weekend,Morning,1.0,16.1211
38.26,High,3.91,Clear,Weekday,Afternoon,1.0,60.92600000000001
79.58,Medium,3.94,Clear,Weekday,Afternoon,3.0,43.224
51.65,Low,4.5,Clear,Weekend,Night,1.0,72.2695
13.17,Low,4.33,Clear,Weekend,Night,4.0,68.9296
,,2.97,Clear,Weekend,Evening,3.0,101.1216
87.64,Medium,3.88,Rain,Weekday,Evening,4.0,29.4228
26.63,Low,3.94,Snow,Weekday,Evening,4.0,23.4957
17.94,Medium,2.77,Clear,,Evening,2.0,27.6353
73.35,Low,4.15,Clear,Weekend,Night,4.0,34.4608
12.72,Low,2.34,Clear,Weekday,,2.0,10.2366
115.15,Low,4.73,Rain,Weekend,Afternoon,2.0,32.415000000000006
101.76,High,2.27,Clear,Weekday,Evening,2.0,99.5104
53.11,Low,2.8,Clear,Weekend,Morning,,25.7527
93.3,Low,4.94,Snow,Weekday,Evening,4.0,65.1668
7.35,Low,2.15,Rain,Weekend,Afternoon,4.0,25.4826
15.0,Low,4.74,Clear,Weekend,Morning,2.0,37.086
116.97,High,3.88,Clear,Weekend,Morning,,96.546
23.11,High,,Clear,Weekday,Night,1.0,19.2572
54.04,Low,3.38,Clear,Weekday,Night,1.0,39.2366
31.71,High,2.99,Snow,,Night,2.0,67.736
51.47,Low,4.9,Clear,Weekend,Morning,1.0,
34.54,Medium,2.48,Clear,Weekday,Morning,2.0,40.3595
73.79,Medium,3.16,Clear,Weekend,Evening,3.0,48.2267
14.64,High,3.55,Clear,Weekday,Afternoon,3.0,35.0564
52.23,High,3.42,Rain,Weekday,,4.0,41.544
18.39,High,4.37,Clear,Weekday,Afternoon,3.0,14.6611
13.03,Low,2.39,Clear,Weekend,,,61.8883
30.48,High,4.1,Rain,Weekend,Evening,2.0,11.2613
107.07,Low,4.63,Clear,Weekday,Evening,4.0,40.9225
114.78,Low,2.17,Clear,Weekend,Afternoon,2.0,45.03040000000001
37.76,Low,3.37,Clear,Weekday,Night,3.0,40.2564
111.71,,2.88,Clear,Weekend,Evening,3.0,102.8806
105.91,High,,Clear,Weekend,Morning,2.0,
66.5,Low,,Clear,Weekday,Afternoon,4.0,51.03
39.98,Medium,2.05,Clear,Weekday,Morning,,
64.42,Low,4.81,Clear,Weekday,Afternoon,1.0,62.89040000000001
84.33,High,4.59,Clear,,Evening,2.0,38.1392
32.07,Medium,4.25,Rain,,Evening,1.0,
59.73,Medium,3.74,Clear,Weekend,Afternoon,2.0,19.1069
62.17,Low,3.62,Clear,,Afternoon,2.0,48.3843
51.92,Low,3.79,Rain,Weekday,Morning,2.0,31.99
102.45,High,2.93,Clear,Weekend,Night,2.0,29.4658
73.92,Low,4.76,Clear,Weekday,Afternoon,2.0,61.8896
24.61,Low,3.02,,,Evening,2.0,29.8609
20.57,Low,2.38,Clear,Weekday,Morning,3.0,17.1693
33.13,Low,3.13,Clear,Weekday,Evening,2.0,49.78730000000001
91.7,Medium,4.57,Rain,Weekend,Night,1.0,54.3684
87.97,Low,4.29,,Weekend,Afternoon,4.0,53.3479
77.83,Low,4.92,Clear,Weekday,Afternoon,4.0,32.2063
55.15,Low,,Clear,Weekend,Afternoon,4.0,97.2125
112.71,Low,,Clear,Weekday,Morning,1.0,43.0058
93.78,Low,2.83,Rain,Weekday,Afternoon,3.0,37.1504
52.82,Medium,3.53,Clear,Weekday,Morning,3.0,25.8856
,Low,,Clear,Weekend,Morning,,19.2643
110.33,High,2.77,Clear,Weekday,Morning,3.0,
53.09,Medium,2.23,Clear,Weekday,Evening,2.0,274.53508679715014
,Low,2.79,Rain,Weekend,Evening,3.0,47.314800000000005
99.35,Low,3.47,Snow,Weekday,Evening,,33.2317
97.94,Low,3.48,Clear,Weekday,Afternoon,3.0,39.4174
,Medium,4.9,Rain,Weekday,Afternoon,3.0,31.0915
6.06,Low,3.49,Clear,Weekday,Afternoon,1.0,16.9168
63.05,Low,4.08,Clear,Weekday,Afternoon,3.0,118.0321
114.94,Low,2.67,Clear,Weekday,Morning,1.0,61.209
49.45,Low,2.73,Snow,Weekday,Evening,4.0,49.1871
102.33,Medium,2.62,Clear,Weekend,Afternoon,3.0,45.4312
96.08,Medium,4.17,Clear,Weekday,Afternoon,4.0,63.93
36.15,Low,2.16,Clear,Weekday,Afternoon,1.0,29.2945
29.11,Medium,3.85,Clear,Weekend,Morning,1.0,43.31230000000001
94.11,Medium,3.48,Clear,Weekday,Evening,3.0,60.32639999999999
80.58,Medium,4.21,Clear,Weekday,Afternoon,1.0,32.151399999999995
102.26,Low,4.46,Clear,Weekday,Afternoon,1.0,19.9412
110.18,High,,Rain,Weekday,Evening,3.0,104.1764
74.75,Low,2.05,Rain,Weekday,Afternoon,2.0,22.8766
97.49,Low,4.6,Clear,Weekday,Afternoon,4.0,42.9921
109.95,Low,3.63,Clear,,Morning,1.0,60.7045
21.18,Medium,4.9,Clear,Weekday,Afternoon,,56.05960000000001
111.65,Medium,3.88,Clear,Weekday,Morning,1.0,122.418
44.99,Medium,4.05,Clear,Weekday,Morning,3.0,27.865
64.02,Low,2.61,Clear,Weekday,Evening,1.0,69.1938
67.92,Medium,4.85,Rain,Weekday,Afternoon,2.0,71.5568
55.49,Medium,2.96,Rain,Weekday,Night,1.0,38.3875
87.5,Medium,4.83,Snow,Weekday,Afternoon,3.0,79.71459999999999
,Medium,4.94,Clear,Weekend,Morning,2.0,41.2217
31.52,Medium,2.44,Clear,Weekday,Night,4.0,54.4414
46.85,Low,4.37,Clear,Weekday,Evening,1.0,296.0886973121837
49.77,Low,2.72,Rain,Weekday,Morning,2.0,59.1773
69.89,Low,4.62,Clear,Weekday,Morning,1.0,46.61750000000001
67.43,Medium,3.43,Clear,Weekend,Morning,1.0,60.077
112.28,Low,2.27,Snow,Weekend,Afternoon,4.0,51.6226
60.29,High,2.82,Rain,Weekday,Morning,3.0,325.0989498083767
46.42,High,4.3,Clear,Weekday,Morning,3.0,33.7362
69.95,Low,3.85,Clear,Weekday,Afternoon,2.0,35.4031
104.31,Low,2.06,,Weekend,Afternoon,2.0,79.24600000000001
20.16,High,2.72,Clear,Weekend,Afternoon,3.0,23.279
24.57,Low,4.74,,Weekday,Morning,3.0,29.5584
77.3,Low,4.33,Clear,Weekday,Evening,1.0,
100.24,Medium,3.92,Snow,Weekday,Afternoon,3.0,78.715
51.41,Medium,4.39,Clear,Weekday,Morning,2.0,34.2597
113.92,Low,4.55,Clear,Weekday,,1.0,86.1412
53.94,Low,2.3,Clear,Weekend,Afternoon,3.0,56.61489999999999
24.96,Medium,4.34,Clear,Weekend,Morning,4.0,21.4931
44.82,Medium,,Clear,Weekend,Evening,3.0,96.3487
104.02,High,3.94,Rain,Weekend,Night,1.0,36.4388
28.43,Low,3.63,Clear,Weekday,Afternoon,1.0,36.0271
73.27,Medium,4.33,Clear,Weekday,Morning,2.0,
41.3,High,3.5,Clear,Weekend,Afternoon,1.0,63.522400000000005
104.35,Low,3.02,Rain,Weekday,Morning,2.0,97.4848
33.91,Low,2.32,Clear,Weekday,Morning,3.0,48.4081
81.26,Medium,2.12,Snow,Weekday,Afternoon,2.0,48.8108
5.1,High,2.38,Clear,Weekend,Afternoon,2.0,10.4444
49.86,,2.7,Clear,Weekday,Morning,2.0,109.4796
97.5,Medium,2.03,Rain,Weekend,Afternoon,4.0,53.6582
18.1,Medium,2.35,Clear,Weekday,Afternoon,1.0,20.3509
85.63,Medium,4.64,Clear,Weekday,Afternoon,2.0,54.67150000000001
68.86,High,2.83,Clear,Weekday,Morning,,46.90559999999999
82.51,Medium,2.74,Rain,Weekday,,2.0,41.3681
108.41,Low,2.58,Clear,Weekday,Morning,4.0,85.5747
108.44,Medium,2.32,Clear,Weekday,Afternoon,2.0,81.9816
56.62,Low,2.39,Clear,Weekday,Evening,1.0,39.5698
48.69,Low,2.1,Snow,Weekend,Evening,1.0,76.48649999999999
102.35,,,Clear,Weekend,Night,2.0,39.1789
22.91,Medium,,Clear,Weekday,Evening,3.0,20.3819
75.12,High,2.73,Clear,Weekday,Evening,2.0,29.0991
84.96,Low,,Clear,Weekday,Afternoon,4.0,65.2064
76.53,High,3.76,Rain,Weekday,Afternoon,3.0,59.87539999999999
,Medium,4.2,Clear,Weekday,Evening,4.0,66.1816
60.77,Medium,4.57,Snow,Weekday,Afternoon,1.0,124.2416
68.68,Medium,2.66,Rain,Weekend,Afternoon,,101.2576
6.12,Medium,3.39,Clear,Weekend,Afternoon,1.0,27.174
98.03,Medium,2.17,Snow,Weekend,Morning,2.0,30.942000000000004
41.02,Low,2.31,Clear,Weekend,Night,1.0,70.5816
30.31,High,4.54,Clear,Weekday,Evening,,83.6299
108.76,Low,4.64,Clear,Weekday,Morning,4.0,138.6425
87.25,Low,3.59,Rain,Weekday,Morning,2.0,47.33
59.18,High,4.95,Clear,Weekday,Evening,2.0,95.1969
19.53,High,3.13,Rain,Weekday,Morning,3.0,
98.23,Medium,4.53,Snow,Weekday,Morning,1.0,51.2833
98.63,Medium,,Clear,Weekday,Evening,1.0,41.4372
6.39,,3.78,Clear,Weekday,Afternoon,2.0,60.38660000000001
22.79,Low,3.97,Clear,Weekday,Night,3.0,58.7766
62.63,Medium,2.78,Rain,Weekday,Afternoon,4.0,26.9585
46.98,Medium,3.89,Clear,Weekday,Morning,3.0,24.4754
82.93,Low,3.95,Clear,Weekday,Afternoon,2.0,104.2421
93.37,High,3.09,Clear,Weekday,Morning,2.0,87.6076
85.74,Low,2.07,Rain,Weekday,Morning,2.0,60.0264
111.18,Low,4.3,Rain,Weekend,Afternoon,4.0,69.0049
105.77,Medium,,Clear,Weekday,Evening,2.0,46.7471
,Low,3.74,Rain,Weekend,Evening,1.0,66.566
86.95,High,4.6,Clear,Weekend,Night,3.0,88.13279999999999
51.3,Low,2.36,Clear,,Afternoon,3.0,28.7235
113.33,Medium,2.37,,Weekday,Morning,2.0,70.6464
98.23,Medium,4.24,Clear,Weekday,Morning,2.0,48.7802
56.54,Medium,4.51,,Weekday,Afternoon,1.0,33.8442
89.61,Medium,2.38,Rain,Weekend,Morning,4.0,54.1212
113.48,Medium,4.93,Snow,Weekend,Evening,2.0,43.60339999999999
59.81,,3.5,Clear,Weekday,Morning,2.0,23.694900000000004
84.32,High,3.46,Rain,Weekday,Afternoon,1.0,116.42059999999998
115.4,Medium,2.76,Clear,Weekday,Night,3.0,41.014300000000006
97.69,Low,2.51,Clear,Weekend,,1.0,31.3844
106.78,Low,4.48,Rain,Weekday,Afternoon,2.0,42.8661
95.18,Medium,2.97,Clear,Weekend,Morning,3.0,46.49680000000001
47.72,Low,2.38,Clear,Weekday,Afternoon,2.0,63.866
77.02,Medium,4.99,Clear,Weekday,Morning,4.0,55.5074
45.94,Low,2.5,Rain,Weekday,Night,1.0,
103.83,High,4.72,Rain,Weekend,Night,3.0,93.5096
13.75,Medium,4.84,Clear,Weekend,Morning,2.0,46.207800000000006
91.02,,3.15,Clear,Weekday,Afternoon,4.0,26.2692
63.0,High,2.72,Rain,Weekday,Evening,2.0,46.316
80.78,Low,2.27,Rain,Weekend,Night,3.0,52.9882
,Medium,,Clear,Weekday,Afternoon,4.0,29.2693
51.19,Medium,2.79,Clear,Weekday,Afternoon,1.0,52.9218
62.66,Low,3.81,Clear,Weekday,Evening,3.0,56.6394
45.05,Medium,3.87,Clear,Weekday,Afternoon,1.0,75.92699999999999
12.4,Medium,3.2,Clear,,Evening,2.0,26.263
11.91,Medium,,Clear,,Afternoon,1.0,31.3891
51.21,Medium,4.51,Clear,Weekday,Afternoon,3.0,65.195
91.81,High,3.94,Snow,Weekday,Evening,3.0,45.6194
110.21,High,3.82,Clear,Weekend,Afternoon,2.0,70.29329999999999
53.63,Medium,2.51,Clear,Weekday,Evening,2.0,52.6406
16.93,High,2.4,Clear,Weekday,Afternoon,1.0,24.0367
43.87,Medium,3.34,Clear,Weekday,Morning,4.0,36.9301
42.17,Low,2.19,Clear,Weekday,Afternoon,4.0,73.3691
118.44,Low,2.49,Clear,Weekday,,3.0,44.69539999999999
68.12,Low,3.17,Clear,Weekend,Evening,1.0,47.488200000000006
111.71,Low,3.66,Rain,Weekday,Afternoon,1.0,69.7245
105.71,,3.05,Clear,Weekday,Evening,,74.58429999999998
114.1,Low,4.6,,Weekday,Morning,2.0,52.77959999999999
43.3,High,4.01,Clear,Weekend,Afternoon,4.0,16.525599999999997
37.97,Low,4.41,Clear,Weekday,Evening,4.0,48.4496
61.96,Medium,3.12,Clear,Weekday,Night,4.0,62.12950000000001
99.33,Medium,3.3,,,Afternoon,3.0,33.4215
85.95,Medium,4.22,Rain,Weekday,Morning,3.0,59.886
24.69,High,2.81,Clear,Weekday,Morning,4.0,29.0627
42.84,Medium,2.21,Clear,Weekday,Evening,3.0,37.4586
,Low,4.91,Rain,Weekend,Afternoon,3.0,24.4491
28.35,,2.5,Clear,Weekday,Morning,4.0,45.2531
84.52,Low,2.91,Snow,Weekday,Afternoon,4.0,86.22719999999998
21.52,Low,3.74,Clear,Weekday,Evening,4.0,62.895
88.6,Low,4.08,Clear,,Morning,,65.232
112.39,,4.35,Rain,Weekday,Afternoon,2.0,62.7959
81.84,High,2.63,Clear,Weekday,Morning,4.0,69.47070000000001
35.63,High,3.1,Clear,Weekday,Morning,2.0,54.9343
,Low,3.33,Clear,Weekend,Evening,4.0,76.46470000000001
90.14,Medium,3.08,Clear,Weekday,Morning,3.0,
64.81,Low,2.19,Clear,Weekend,Evening,1.0,90.8983
117.24,High,2.57,Clear,Weekday,Afternoon,2.0,53.4536
25.25,Low,4.46,Clear,Weekend,Evening,3.0,59.828
67.58,Medium,4.84,Clear,Weekday,Evening,4.0,54.7066
71.19,Medium,4.54,,Weekday,Morning,3.0,88.9502
64.07,Low,2.23,Rain,Weekend,Afternoon,2.0,30.9982
103.06,Low,3.0,Rain,Weekend,Morning,1.0,38.2552
21.54,Low,,Clear,Weekday,Afternoon,1.0,15.0994
119.54,Medium,2.31,Rain,Weekend,Evening,3.0,82.0828
87.85,High,4.45,Clear,Weekday,Morning,4.0,22.4347
25.7,Low,4.73,Rain,Weekday,Night,1.0,63.0611
64.12,,4.95,Clear,Weekday,Morning,1.0,45.1203
28.92,,3.23,Clear,Weekday,Night,1.0,45.513200000000005
79.03,Low,3.61,Clear,Weekday,Evening,1.0,114.9417
42.14,Low,3.69,Clear,Weekday,Morning,3.0,28.4048
47.96,Medium,3.34,Clear,,Afternoon,1.0,88.1071
49.63,Low,2.77,Clear,Weekday,Evening,2.0,44.1197
66.8,Low,3.59,Rain,,Night,3.0,33.632000000000005
116.81,Low,3.48,,Weekday,Evening,4.0,36.4698
93.64,Low,3.2,Rain,Weekend,Night,2.0,36.1464
37.22,Low,2.29,Clear,Weekday,,2.0,59.0718
101.28,Medium,4.08,Clear,Weekend,Afternoon,4.0,40.8036
10.16,Low,3.52,Clear,Weekday,Morning,1.0,23.9563
69.03,Low,3.45,Clear,Weekday,Night,2.0,72.6627
44.3,Medium,3.04,Snow,Weekend,Evening,1.0,46.3014
109.33,Medium,4.92,Clear,Weekday,Afternoon,1.0,105.9418
65.02,High,4.79,Clear,Weekday,Evening,4.0,96.7288
27.31,Medium,3.41,Clear,Weekday,Afternoon,1.0,51.058800000000005
54.37,Medium,3.78,Clear,Weekday,Afternoon,,44.101
99.07,Low,4.0,Rain,Weekday,Afternoon,,80.81119999999999
15.09,Low,5.0,Clear,Weekday,Morning,1.0,33.4311
86.57,,2.17,Rain,Weekday,Afternoon,2.0,53.5767
79.01,Medium,4.2,Clear,Weekday,Morning,1.0,58.825
44.01,Low,2.13,Clear,Weekday,Morning,2.0,33.5331
45.23,High,3.57,Clear,Weekday,Evening,1.0,67.3902
52.39,Medium,2.32,Clear,,Morning,3.0,57.7533
9.87,Low,3.39,Clear,Weekday,Afternoon,4.0,20.0083
84.34,High,4.47,Clear,Weekday,Evening,4.0,48.44540000000001
36.5,High,3.54,Clear,Weekend,Evening,3.0,30.4015
79.6,High,2.05,Clear,Weekend,Morning,1.0,322.7259960920446
66.19,,2.57,Clear,Weekend,Afternoon,4.0,14.8186
52.71,Medium,3.03,Clear,Weekday,Evening,2.0,65.9299
39.9,Low,4.9,Rain,Weekday,Evening,1.0,69.99549999999999
84.12,,4.12,Clear,Weekday,Morning,3.0,36.118
115.39,Low,4.53,Clear,Weekday,Morning,,78.5578
61.11,Medium,3.02,Rain,Weekday,Morning,1.0,38.348600000000005
27.65,Medium,4.23,Clear,Weekday,Evening,1.0,36.4958
56.93,Low,2.12,Rain,Weekend,Night,4.0,73.4155
87.39,Medium,3.53,Clear,,Evening,4.0,39.4645
15.48,Medium,4.21,Clear,Weekday,Afternoon,3.0,54.1556
64.89,Medium,3.62,Clear,Weekday,Afternoon,1.0,
,Low,3.07,Clear,Weekday,Afternoon,2.0,
58.8,Medium,2.34,Rain,Weekend,Morning,3.0,30.5768
40.76,Medium,4.4,Clear,Weekend,Night,2.0,40.9764
63.16,High,3.37,Clear,Weekday,Night,3.0,23.1614
,High,3.06,Clear,Weekday,Morning,3.0,39.066
35.46,Low,3.09,Clear,Weekday,Afternoon,4.0,109.4304
44.45,Low,4.99,Rain,Weekday,Afternoon,2.0,48.027
7.07,Medium,2.4,Clear,Weekday,Afternoon,1.0,20.7765
59.73,Medium,3.79,Clear,Weekend,Evening,3.0,25.1652
102.2,Low,2.9,,Weekday,Morning,3.0,66.10159999999999
67.1,Low,4.77,Clear,Weekday,Afternoon,4.0,72.9137
72.58,High,4.47,Rain,Weekday,,2.0,60.9462
36.05,Medium,2.12,Rain,Weekday,Evening,1.0,94.2463
52.47,Low,4.03,Rain,Weekday,Evening,4.0,35.357200000000006
117.69,Medium,2.62,Clear,Weekday,Afternoon,4.0,58.9867
20.41,Low,2.71,Clear,Weekend,Morning,1.0,6.1269
118.39,Medium,4.97,Clear,Weekday,Afternoon,4.0,37.39
24.87,Medium,4.95,Clear,Weekday,Afternoon,,18.8626
25.41,Low,4.5,Rain,Weekday,Afternoon,4.0,
87.85,Medium,2.45,Clear,Weekend,Evening,3.0,86.5536
41.23,Medium,3.18,Clear,Weekend,Evening,,53.8901
50.21,Low,4.93,Clear,Weekend,Morning,2.0,69.52810000000001
112.04,Medium,2.02,Rain,Weekday,Evening,2.0,77.56840000000001
16.49,Low,4.8,Clear,Weekend,Night,3.0,60.7394
24.45,Low,2.56,Clear,Weekend,Morning,2.0,32.985499999999995
85.34,Medium,3.63,Clear,Weekday,Evening,4.0,38.6058
68.51,,2.31,Clear,Weekday,Morning,3.0,48.11750000000001
16.47,Medium,3.27,Clear,Weekend,,2.0,24.6973
17.92,Medium,2.02,Rain,,Morning,3.0,13.9727
84.06,High,4.61,Rain,Weekend,Afternoon,4.0,34.3067
91.83,Low,4.85,Clear,Weekend,Morning,3.0,33.3599
51.82,Medium,3.46,Rain,Weekday,Evening,2.0,56.2678
24.7,Medium,2.74,Snow,Weekend,Afternoon,1.0,46.8086
10.65,Medium,3.89,Clear,Weekday,Morning,2.0,19.973
88.42,Medium,2.09,Clear,Weekday,Afternoon,4.0,62.0624
76.0,Medium,4.41,Rain,Weekend,Night,4.0,34.5781
79.64,Medium,4.44,Clear,Weekday,Morning,4.0,38.0619
37.82,Low,4.84,Snow,Weekend,Afternoon,4.0,19.7235
109.53,Low,3.49,Rain,,Morning,1.0,67.24510000000001
38.42,High,3.55,Clear,Weekday,Afternoon,2.0,42.398
29.69,Medium,4.34,Clear,Weekend,Morning,3.0,45.44370000000001
88.21,High,4.72,Clear,Weekend,Night,4.0,59.96039999999999
33.73,,,Clear,,Evening,4.0,66.2817
19.3,Low,4.29,Clear,Weekday,Evening,3.0,41.65619999999999
74.66,Low,2.93,Rain,,Evening,2.0,59.7113
35.89,High,3.94,,Weekend,Morning,1.0,92.8432
48.49,Low,4.62,Clear,Weekday,Evening,2.0,26.111700000000003
98.75,Medium,4.77,Clear,Weekday,Night,4.0,59.6075
80.84,High,2.41,Clear,Weekday,Afternoon,1.0,
15.12,Medium,4.05,Rain,Weekday,,2.0,13.0646
35.48,,3.05,Clear,Weekday,Afternoon,2.0,39.4624
88.31,High,3.93,Clear,Weekday,Afternoon,1.0,328.8717691378544
45.28,Low,3.77,Rain,Weekend,Morning,2.0,16.834
,Low,4.53,Clear,Weekend,Morning,3.0,42.0962
27.05,Low,,Clear,Weekend,Morning,1.0,
52.31,Medium,4.16,Rain,Weekday,Morning,3.0,50.5038
104.15,Medium,4.02,Clear,Weekday,Evening,4.0,87.5241
105.81,Medium,3.89,Clear,Weekend,Afternoon,1.0,45.2855
110.59,Medium,4.14,Clear,Weekday,Morning,2.0,56.688500000000005
68.75,High,4.86,Clear,Weekend,Afternoon,4.0,72.969
113.49,Medium,4.17,Clear,Weekend,Morning,2.0,53.550900000000006
,Low,3.93,Clear,,Morning,,27.3543
18.17,Low,2.39,Clear,Weekend,Afternoon,2.0,34.3543
94.79,Low,3.99,Clear,Weekend,Evening,3.0,48.2843
23.88,Medium,4.02,Clear,Weekend,Night,4.0,80.18099999999998
105.47,Low,4.74,,Weekday,Evening,4.0,76.5803
86.67,Low,3.07,Clear,Weekend,Afternoon,3.0,80.7619
116.62,Low,4.91,Clear,Weekday,Afternoon,3.0,53.726
92.78,Low,3.63,Clear,Weekday,Afternoon,4.0,101.9914
,Low,3.69,Rain,Weekend,Night,2.0,
94.86,Medium,2.24,Rain,Weekend,Evening,4.0,280.87730155406564
82.14,Low,3.92,,Weekday,Morning,2.0,55.3948
7.17,Low,3.93,Clear,Weekend,Afternoon,,35.3812
31.15,Low,2.99,Clear,Weekend,Afternoon,1.0,40.2799
90.19,Medium,2.11,,Weekday,Morning,2.0,56.7461
71.04,Medium,2.06,Rain,Weekday,Morning,4.0,100.2662
100.66,Medium,3.76,Clear,Weekday,Morning,2.0,73.21499999999999
108.34,Low,2.52,Clear,Weekday,Afternoon,4.0,
104.56,,2.39,Clear,Weekday,Afternoon,4.0,69.9337
64.0,Low,4.79,Clear,Weekend,Night,1.0,59.761300000000006
83.98,Low,4.02,Clear,Weekday,Evening,3.0,25.095
48.23,Medium,2.74,Clear,Weekday,Evening,3.0,32.1352
21.79,,2.91,Rain,Weekday,Afternoon,2.0,32.1634
60.53,Low,2.25,Rain,Weekend,Night,2.0,31.8132
109.94,High,3.67,Clear,Weekday,Morning,3.0,78.64779999999999
52.27,Medium,2.5,Rain,Weekday,Evening,1.0,78.7809
20.9,Low,3.37,Clear,Weekday,Morning,3.0,17.662100000000002
52.52,Medium,3.83,Rain,Weekend,Evening,1.0,41.9343
38.29,Medium,4.9,Clear,Weekend,Afternoon,3.0,44.1375
49.68,Low,2.42,,Weekday,Night,2.0,43.9748
50.19,Medium,4.41,Rain,Weekday,Morning,3.0,
98.11,High,2.16,Clear,Weekday,Morning,2.0,62.1095
87.13,Medium,2.95,Rain,Weekday,Night,2.0,62.4923
29.35,Medium,4.6,Rain,Weekend,Afternoon,2.0,29.9765
38.26,Low,2.55,Clear,Weekend,Afternoon,3.0,85.6182
79.78,,3.91,Clear,Weekend,Morning,,64.7324
94.88,Medium,3.02,Clear,Weekday,Afternoon,1.0,70.745
111.3,Low,4.97,,Weekday,Afternoon,2.0,
66.1,Low,3.07,Clear,Weekday,Morning,3.0,32.2544
66.77,Low,,Rain,Weekday,Morning,2.0,59.92869999999999
8.51,Medium,2.32,Rain,Weekend,Afternoon,3.0,37.7718
85.0,Low,2.11,Clear,Weekday,Night,3.0,45.9582
72.77,Medium,4.12,Clear,Weekend,Morning,1.0,25.8142
108.02,Low,2.8,Clear,Weekday,Afternoon,,41.699
103.2,Low,3.22,Clear,Weekday,Morning,1.0,38.9635
106.03,Low,2.52,Clear,Weekend,,4.0,71.3962
37.6,Medium,3.64,Clear,Weekend,,3.0,22.718200000000003
111.33,Low,3.25,Clear,Weekday,Morning,3.0,45.75449999999999
94.76,High,2.39,Clear,Weekday,Morning,3.0,36.7152
95.63,Medium,4.91,Clear,Weekday,Morning,1.0,43.8625
72.05,Low,2.15,Clear,Weekday,,4.0,71.7971
85.75,High,3.69,Clear,Weekday,Morning,1.0,58.0861
85.1,High,2.04,Clear,Weekend,Afternoon,3.0,79.833
90.57,Medium,4.69,Rain,Weekday,Afternoon,4.0,44.95569999999999
114.32,Low,2.85,Rain,Weekday,Afternoon,2.0,50.2412
13.32,Low,4.2,Clear,Weekday,Morning,,38.0988
42.88,Low,2.73,Clear,Weekday,Night,4.0,65.6944
82.16,Low,3.06,Clear,Weekday,Evening,4.0,59.8622
38.49,Medium,3.45,Clear,Weekday,Evening,1.0,38.6747
70.7,Medium,4.81,Snow,Weekday,Evening,2.0,41.71940000000001
56.65,Low,2.82,Rain,Weekend,Evening,3.0,27.4942
83.96,,3.13,Rain,Weekend,Evening,4.0,57.791
47.22,Low,4.53,Clear,Weekend,Evening,4.0,72.8562
16.24,High,2.73,Rain,Weekday,Evening,3.0,19.974400000000003
37.99,High,4.47,Clear,Weekday,Morning,2.0,11.3358
47.38,,3.12,Clear,Weekday,Afternoon,3.0,36.4212
66.74,Low,2.46,Clear,Weekday,,2.0,80.7792
110.69,Medium,4.09,Clear,Weekday,Morning,4.0,68.3748
107.93,High,5.0,Clear,Weekend,Night,3.0,88.8816
39.27,Medium,4.67,Clear,Weekday,Afternoon,2.0,22.7573
117.44,Low,4.3,Clear,Weekend,Afternoon,1.0,46.1779
105.78,Low,,Rain,Weekday,Morning,2.0,43.0228
94.31,Medium,2.05,Snow,Weekend,Night,4.0,44.6322
103.25,Medium,4.84,Rain,Weekday,Evening,2.0,40.174
40.52,Low,3.79,Clear,Weekday,Afternoon,1.0,46.274
44.17,Low,4.89,Clear,Weekday,Afternoon,1.0,25.5304
56.07,High,3.92,Rain,,Evening,3.0,28.2443
105.2,Low,3.22,Clear,Weekend,Afternoon,2.0,33.183
75.63,Medium,3.87,Clear,Weekend,Afternoon,4.0,46.6313
30.47,High,3.36,Rain,Weekend,Afternoon,3.0,95.9602
94.11,Low,4.51,Clear,Weekend,Morning,1.0,108.2325
47.55,Medium,2.92,Snow,Weekday,Morning,4.0,77.8741
36.86,Low,3.31,,,Morning,4.0,90.5124
72.29,Medium,2.61,Clear,Weekend,Morning,3.0,22.4883
91.67,High,3.27,Clear,,Morning,1.0,63.9534
34.0,Low,2.04,Snow,Weekday,Morning,1.0,59.0736
6.34,Medium,4.32,Rain,Weekday,Afternoon,3.0,49.36
73.28,Medium,4.21,Clear,Weekday,Afternoon,3.0,32.342
,Medium,3.91,Clear,Weekend,Night,1.0,44.507000000000005
63.82,High,4.63,Rain,Weekday,Afternoon,4.0,
58.02,Low,3.63,Rain,Weekend,Afternoon,4.0,29.055300000000003
95.55,Low,4.39,Clear,Weekend,Morning,,57.28
97.64,Medium,2.49,Clear,Weekend,Morning,2.0,57.075500000000005
97.04,High,3.76,Clear,Weekday,Evening,3.0,75.22040000000001
109.57,,2.21,Rain,Weekday,Afternoon,2.0,59.2055
102.3,Medium,4.62,Snow,Weekday,Afternoon,3.0,64.9824
10.15,Medium,3.5,Clear,Weekend,Afternoon,1.0,22.5469
63.28,Low,4.93,Rain,Weekday,Morning,3.0,26.9202
23.71,,3.37,Snow,Weekday,Afternoon,1.0,57.0497
41.37,Low,2.38,Clear,Weekend,Morning,4.0,44.5307
20.5,Medium,2.15,Rain,Weekday,Morning,3.0,62.7544
7.6,Low,4.57,Rain,Weekday,Evening,4.0,12.7333
49.37,Low,4.03,Clear,Weekday,Afternoon,3.0,18.7636
79.16,High,2.93,Clear,Weekday,Afternoon,4.0,34.2628
19.55,Low,4.89,Clear,Weekday,,1.0,29.0925
82.22,Low,3.88,Clear,Weekday,Evening,1.0,51.39649999999999
5.66,Low,2.96,Rain,Weekday,Afternoon,2.0,58.0149
15.33,Medium,2.12,Clear,Weekday,Night,1.0,35.8539
64.74,Low,4.84,Clear,Weekend,Afternoon,,55.82120000000001
62.05,Low,2.19,Rain,Weekday,Afternoon,4.0,101.0292
74.52,Low,4.53,,,Afternoon,3.0,48.024
61.79,Medium,,Clear,Weekday,Afternoon,4.0,62.0444
80.28,Low,2.21,Rain,Weekend,Afternoon,4.0,68.65440000000001
34.14,Low,3.46,Clear,Weekday,Afternoon,1.0,24.4816
,Medium,3.26,Clear,Weekend,Afternoon,,32.9075
7.73,Low,4.53,Rain,Weekday,,2.0,66.039
108.2,High,4.99,Clear,Weekday,Night,3.0,59.181
68.14,High,3.4,Clear,Weekend,Morning,2.0,55.3432
10.13,High,3.62,Clear,Weekday,Afternoon,3.0,9.8718
110.06,Medium,3.94,Clear,Weekend,Afternoon,4.0,66.581
14.92,Low,4.56,Clear,Weekday,Morning,1.0,12.6264
91.88,Low,3.13,Clear,Weekday,Evening,3.0,102.72459999999998
38.5,Medium,2.54,Clear,Weekday,Afternoon,2.0,29.778
46.78,Medium,4.14,Rain,Weekend,Evening,3.0,82.44200000000001
75.87,Medium,3.64,Clear,Weekday,Afternoon,1.0,38.4514
78.37,Medium,3.34,Snow,Weekday,Evening,2.0,32.155
43.04,Medium,3.13,Rain,Weekday,Afternoon,2.0,40.2186
7.26,Low,4.29,Clear,Weekend,,2.0,35.4798
,Low,3.3,Clear,Weekday,Night,4.0,44.6007
57.97,Low,2.99,Clear,Weekday,Morning,2.0,101.8744
8.93,High,3.08,Rain,Weekend,,4.0,37.1212
16.56,Medium,3.95,Clear,,Morning,1.0,84.7232
50.89,Low,4.28,Rain,Weekday,,1.0,35.6928
54.22,High,,Clear,Weekday,Morning,4.0,19.145
,High,2.32,Clear,Weekday,,1.0,16.6464
36.16,Low,2.17,Clear,Weekend,Morning,4.0,
14.16,Medium,4.55,Rain,Weekend,Afternoon,2.0,61.09400000000001
74.71,Low,2.64,Clear,Weekday,Night,2.0,66.5363
104.17,High,3.03,Clear,Weekday,Afternoon,3.0,98.6948
,Low,2.8,Clear,Weekend,Afternoon,1.0,49.5082
71.5,Medium,2.22,Rain,Weekday,Afternoon,1.0,37.17
79.94,Low,4.78,Clear,Weekday,Night,3.0,
89.96,Low,2.73,Rain,Weekday,Morning,3.0,46.61319999999999
39.58,Low,3.59,Clear,Weekend,Evening,4.0,36.09780000000001
107.38,Medium,4.96,Rain,Weekday,Night,3.0,47.846900000000005
61.93,High,3.33,Clear,Weekend,Evening,2.0,25.4565
111.87,Low,4.64,Clear,Weekend,Afternoon,2.0,34.5791
72.19,Low,3.23,Clear,Weekday,Afternoon,3.0,81.39859999999999
25.97,High,2.24,Clear,Weekday,Afternoon,4.0,22.0141
56.58,Medium,4.52,Clear,Weekend,Morning,2.0,65.0136
113.99,Medium,2.08,Clear,Weekend,Afternoon,4.0,
103.11,Low,4.43,,Weekday,Afternoon,2.0,29.965799999999994
81.77,Low,4.96,Clear,Weekday,Afternoon,,27.8795
84.0,Low,4.05,Clear,Weekday,,3.0,35.964
59.7,Low,4.11,Clear,Weekday,Afternoon,3.0,102.4302
88.1,Medium,3.66,Clear,Weekday,Afternoon,4.0,59.3324
105.46,Medium,3.28,Clear,Weekday,Afternoon,2.0,76.2217
87.35,Medium,,Clear,Weekday,Morning,3.0,81.572
57.45,Medium,4.1,Clear,Weekday,Night,,79.637
15.73,Low,2.47,Rain,Weekday,Morning,4.0,46.5931
76.73,Medium,3.47,Snow,Weekend,Morning,3.0,73.3549
40.38,High,2.26,,,Morning,3.0,73.5544
50.68,Low,2.32,Clear,Weekday,Evening,4.0,32.0088
109.74,Medium,3.1,Rain,Weekend,Afternoon,3.0,104.1555
106.25,High,3.89,Rain,Weekend,,3.0,76.6192
35.27,,4.16,Clear,Weekday,Evening,2.0,91.2296
61.57,High,2.93,Snow,Weekday,Afternoon,2.0,19.3694
112.25,Medium,4.23,Clear,Weekend,Afternoon,1.0,65.9698
67.5,Low,3.74,Clear,Weekday,Morning,1.0,33.344
9.99,Medium,2.9,Rain,Weekend,Morning,4.0,
86.63,Low,2.45,Clear,Weekday,Morning,3.0,44.2055
23.91,Medium,4.62,Clear,Weekday,Morning,3.0,
20.63,Low,2.86,Rain,Weekday,Night,1.0,12.5567
48.47,High,4.97,Rain,Weekday,Afternoon,4.0,56.3682
83.98,Medium,2.27,Clear,Weekday,Morning,2.0,76.20850000000002
24.44,Medium,3.99,Clear,Weekend,Afternoon,2.0,31.4354
92.6,High,4.47,Clear,Weekend,Afternoon,1.0,90.4747
100.48,Medium,3.4,Clear,Weekday,Afternoon,4.0,45.85979999999999
70.94,Low,2.88,Snow,Weekday,Morning,2.0,54.6348
110.47,Low,2.63,Clear,Weekday,Night,3.0,58.6618
42.13,Low,4.8,Clear,Weekend,Morning,2.0,43.9909
80.8,Low,,Clear,Weekday,Afternoon,,85.88400000000001
13.15,Medium,3.27,Clear,Weekday,Evening,3.0,34.376400000000004
,Low,2.44,Clear,Weekend,Afternoon,2.0,44.7548
114.14,Low,3.31,Clear,Weekday,Evening,4.0,46.639
39.09,Medium,4.94,Clear,Weekday,Evening,3.0,49.3168
41.76,Low,4.99,Clear,Weekday,Morning,3.0,76.9996
23.94,High,3.58,Rain,Weekday,Morning,3.0,48.835
17.91,Low,3.78,Rain,Weekday,Morning,2.0,23.1248
104.02,,2.02,Clear,Weekday,Afternoon,1.0,57.915
50.83,Low,2.8,Rain,Weekday,Afternoon,2.0,276.84059674137075
103.37,High,,Clear,,Evening,2.0,129.5356
54.06,Medium,4.84,Rain,Weekend,Evening,,40.839400000000005
96.07,Low,3.21,Rain,Weekday,Afternoon,3.0,38.769
64.22,Medium,4.05,Rain,Weekday,Afternoon,1.0,42.6209
53.16,High,3.71,Clear,Weekday,Evening,3.0,44.733
71.48,Medium,2.08,Clear,Weekday,Afternoon,1.0,32.428200000000004
40.14,High,2.3,Rain,Weekday,Morning,3.0,84.1558
84.0,,3.01,Clear,Weekday,Morning,3.0,58.2448
98.97,Medium,3.55,Rain,Weekday,Morning,4.0,81.85180000000001
69.98,High,2.96,Clear,Weekday,Afternoon,2.0,53.9468
119.82,Low,2.22,Clear,Weekday,Morning,4.0,69.336
89.47,Low,3.14,Clear,Weekend,Morning,1.0,34.4316
93.88,,4.47,Clear,Weekday,Morning,3.0,117.7468
109.6,Low,3.64,Clear,Weekday,Morning,1.0,58.8121
102.08,Low,4.3,Clear,Weekend,Afternoon,1.0,80.7576
30.6,High,2.59,,Weekend,Morning,3.0,61.54940000000001
,High,2.33,Snow,Weekday,Afternoon,1.0,101.5506
58.4,Low,4.38,Clear,,Afternoon,1.0,52.678
31.51,Low,3.89,Clear,Weekday,Morning,4.0,92.6832
51.33,Medium,,Clear,Weekday,Afternoon,1.0,63.56110000000001
,Medium,4.62,Rain,Weekday,,1.0,45.28790000000001
113.43,Medium,3.69,Clear,Weekend,Night,1.0,75.27289999999999
57.59,Low,2.34,Clear,,Night,4.0,69.6268
32.82,Medium,2.28,Clear,Weekday,Evening,1.0,12.9998
13.64,Medium,4.86,Clear,,Afternoon,1.0,44.6222
50.78,High,3.88,Clear,Weekend,Evening,3.0,29.4758
54.66,Medium,4.5,Clear,Weekday,Evening,4.0,88.1462
41.72,High,2.32,Clear,Weekday,Evening,2.0,28.9914
,High,3.78,Rain,Weekday,Evening,4.0,94.6379
16.0,Medium,2.41,Rain,Weekday,Morning,2.0,20.1596
27.93,Medium,4.16,Clear,Weekend,Evening,3.0,50.89789999999999
81.08,Medium,4.69,Clear,Weekday,Morning,3.0,26.9741
42.11,High,3.87,Rain,Weekday,Night,3.0,43.069700000000005
29.64,Low,3.46,Rain,Weekend,Afternoon,1.0,20.3458
46.08,High,3.74,Rain,,Evening,3.0,43.8894
