Weather,Trip_Distance_km,Day_of_Week,Per_Minute_Rate,Passenger_Count,Time_of_Day,Per_Km_Rate,Base_Fare,Trip_Price
Clear,23.45,Weekday,0.1,1.0,Afternoon,1.94,2.02,57.915
,25.67,Weekend,0.4,3.0,Morning,1.82,2.59,61.54940000000001
Clear,34.2,Weekday,0.41,1.0,,1.02,4.55,86.1412
Clear,46.12,Weekday,0.21,3.0,Afternoon,1.86,4.11,102.4302
Rain,18.82,Weekday,0.12,2.0,Afternoon,0.63,2.05,22.8766
Clear,29.34,Weekday,0.48,2.0,Afternoon,1.59,2.05,82.3678
,19.87,Weekend,0.38,1.0,Afternoon,1.34,4.4,41.5138
Rain,11.44,Weekend,0.2,1.0,Morning,1.28,3.0,38.2552
Clear,18.0,Weekday,0.46,1.0,Night,1.61,3.23,45.513200000000005
Clear,3.25,Weekday,0.16,3.0,Night,1.86,4.39,28.5966
,26.19,Weekday,0.27,1.0,Afternoon,1.05,4.85,61.2287
Clear,14.27,Weekend,0.27,1.0,Morning,1.45,,
Rain,3.52,Weekday,0.23,4.0,Evening,1.53,3.88,29.4228
Rain,30.98,Weekend,0.25,1.0,Afternoon,0.84,4.5,44.7782
Rain,42.08,Weekend,0.19,1.0,Afternoon,1.41,2.27,73.86349999999999
Clear,32.65,Weekday,0.26,1.0,Afternoon,0.97,2.41,
Clear,31.76,Weekday,0.1,3.0,Morning,0.9,3.01,34.952
Clear,45.41,Weekday,0.12,2.0,Afternoon,0.51,3.85,35.4031
Clear,5.26,Weekday,0.31,1.0,Morning,1.65,3.74,33.344
Clear,18.48,Weekday,0.39,4.0,Afternoon,1.37,2.84,69.6575
Rain,29.24,Weekend,0.38,4.0,Afternoon,0.91,3.46,68.9614
Snow,28.42,Weekday,0.41,3.0,Night,1.06,3.75,59.74210000000001
Clear,49.85,Weekday,0.11,3.0,Morning,1.21,4.94,76.737
Rain,9.91,Weekday,0.33,1.0,Morning,1.53,3.02,38.348600000000005
Rain,25.14,Weekday,0.31,3.0,Night,1.04,3.87,43.069700000000005
Clear,48.82,Weekday,0.14,2.0,Evening,1.7,2.27,99.5104
Rain,101.0397035425727,Weekday,,1.0,,1.79,4.39,283.6452005933156
Clear,43.7,Weekday,0.28,3.0,,1.59,4.52,106.0042
Rain,45.8,Weekday,0.11,2.0,Evening,0.84,,
Clear,33.51,Weekend,0.4,3.0,Afternoon,1.32,2.31,
Rain,14.96,Weekday,0.17,1.0,Morning,0.9,3.79,28.5862
Clear,2.69,Weekday,0.34,4.0,Afternoon,1.95,4.6,42.9921
,20.05,,0.39,2.0,Evening,0.86,3.02,29.8609
Snow,25.65,Weekday,0.22,2.0,Evening,0.84,2.49,48.4142
Clear,11.36,Weekend,0.36,1.0,Afternoon,1.66,,62.8
Rain,18.31,Weekday,0.21,1.0,Afternoon,1.37,4.05,42.6209
Rain,10.06,Weekday,0.38,2.0,Morning,1.16,2.41,20.1596
Clear,13.07,Weekend,0.19,2.0,,1.4,3.27,24.6973
,20.64,,0.11,3.0,Afternoon,0.93,3.3,33.4215
Clear,38.32,Weekday,0.37,1.0,Evening,0.98,4.58,52.6453
Snow,,Weekday,0.34,3.0,Morning,1.04,2.81,66.85679999999999
Rain,12.38,Weekday,0.23,2.0,Afternoon,0.93,4.27,29.9606
Clear,31.67,Weekday,0.11,1.0,Morning,,3.52,23.9563
Rain,18.11,,0.37,2.0,Evening,1.61,2.93,59.7113
Clear,40.68,Weekday,0.12,3.0,Morning,1.11,3.01,58.2448
Clear,,Weekday,0.38,4.0,Evening,0.7,3.08,25.3938
Rain,47.07,Weekday,0.15,4.0,Morning,1.86,2.06,100.2662
Rain,16.27,Weekday,0.17,1.0,Evening,0.79,4.55,28.164300000000004
Clear,3.11,Weekend,0.16,3.0,Evening,0.59,4.42,12.1141
Clear,3.0,Weekday,0.45,2.0,Morning,0.73,2.17,19.6645
Clear,14.57,Weekday,,4.0,Afternoon,0.6,4.97,37.39
Snow,11.96,Weekday,0.27,2.0,Evening,1.49,4.81,41.71940000000001
Clear,31.38,Weekday,0.2,4.0,Night,0.58,3.86,28.6304
,6.49,Weekday,0.19,3.0,Morning,,3.68,
Rain,49.36,,0.12,4.0,Morning,1.13,4.92,65.084
Clear,33.34,Weekend,0.41,1.0,Night,0.52,4.28,51.2721
Clear,40.53,Weekday,0.26,1.0,Afternoon,1.26,3.35,58.6974
Clear,43.62,Weekday,0.26,,Morning,0.6,2.83,46.90559999999999
Clear,34.53,Weekday,0.26,3.0,Morning,,3.58,60.0471
Clear,34.39,Weekday,0.16,4.0,,1.69,2.15,71.7971
Clear,10.88,Weekday,0.34,2.0,Evening,1.92,,41.9406
Clear,47.59,Weekday,0.43,1.0,Afternoon,0.62,,
Clear,47.55,Weekday,0.27,4.0,Morning,1.97,4.78,123.928
Clear,7.25,Weekend,0.13,3.0,,1.46,2.2,23.3579
Rain,43.56,Weekday,0.11,3.0,Afternoon,1.04,2.26,57.426100000000005
Clear,15.27,,0.12,,Morning,0.73,3.93,27.3543
Clear,32.23,Weekday,0.23,3.0,Afternoon,1.2,4.45,70.5144
Clear,6.87,,0.48,4.0,Morning,1.9,4.35,60.315
,47.47,Weekend,0.33,1.0,Afternoon,,4.75,52.9872
,5.06,Weekday,0.48,1.0,Morning,1.22,2.8,49.11559999999999
Rain,14.34,Weekday,,1.0,Evening,1.85,3.69,38.035
Clear,,Weekday,0.47,,Evening,1.62,2.15,29.7551
Clear,5.56,Weekday,0.13,4.0,Morning,1.69,,19.145
Clear,36.9,Weekend,0.28,4.0,Morning,1.81,3.94,100.5938
Rain,16.4,Weekday,0.33,1.0,Evening,1.05,2.38,53.9332
Rain,46.31,Weekday,0.35,1.0,Afternoon,1.8,4.74,96.939
Clear,35.95,Weekend,0.44,4.0,Afternoon,0.95,3.58,40.4165
Clear,40.83,Weekday,0.24,1.0,Afternoon,1.5,3.87,75.92699999999999
Clear,1.98,Weekday,0.15,3.0,Afternoon,1.92,3.4,
Rain,3.23,Weekday,0.41,2.0,Afternoon,1.14,3.7,27.1606
,22.44,Weekday,0.23,3.0,Morning,1.25,3.0,45.5584
Clear,47.56,Weekday,0.17,1.0,Morning,0.82,2.67,61.209
Clear,28.04,Weekend,0.48,4.0,Evening,1.89,3.61,61.2568
Clear,27.33,Weekday,0.13,4.0,Afternoon,0.6,2.24,22.0141
Rain,17.76,Weekday,0.34,2.0,Afternoon,,2.91,32.1634
Clear,15.43,Weekend,0.41,3.0,Evening,0.96,3.16,48.2267
Clear,45.08,Weekend,,2.0,Afternoon,0.57,3.82,70.29329999999999
Rain,14.27,Weekday,0.11,2.0,Evening,0.97,3.25,19.1962
Clear,5.47,Weekday,,3.0,,1.22,2.49,44.69539999999999
Clear,15.04,Weekday,0.11,1.0,Morning,1.78,5.0,33.4311
Rain,18.18,Weekday,0.49,2.0,Evening,0.7,2.72,46.316
Rain,48.68,Weekday,0.14,4.0,Afternoon,1.01,2.59,58.9584
,36.39,Weekday,0.27,2.0,Afternoon,0.64,3.09,44.5344
Clear,7.8,Weekend,0.45,,Afternoon,0.64,3.26,32.9075
Clear,49.53,Weekday,0.16,2.0,Morning,1.19,4.16,68.9135
,42.4,,0.36,4.0,Afternoon,0.79,4.6,43.823600000000006
Rain,40.56,Weekend,0.44,3.0,Evening,0.67,2.31,82.0828
Rain,25.63,Weekday,0.26,3.0,Morning,1.3,4.22,59.886
Rain,18.79,Weekend,0.25,3.0,Afternoon,1.19,4.17,45.1726
Clear,49.51,Weekend,0.2,2.0,Morning,0.78,4.84,46.207800000000006
Clear,40.12,Weekend,0.24,,Morning,1.61,3.88,96.546
Clear,11.11,Weekend,0.17,3.0,Evening,1.01,3.79,25.1652
Rain,44.91,Weekday,0.33,1.0,Night,1.11,4.73,63.0611
Clear,12.62,Weekday,0.29,3.0,Afternoon,1.55,3.12,36.4212
Clear,18.85,Weekday,0.3,3.0,,0.87,2.25,48.1365
Rain,11.99,Weekend,0.28,,Evening,1.74,4.84,40.839400000000005
Snow,25.09,Weekend,0.33,2.0,Morning,1.87,3.25,73.5818
Clear,8.35,Weekday,0.4,4.0,Afternoon,1.81,3.96,36.5375
Clear,36.87,Weekend,0.15,1.0,Evening,1.21,2.7,52.9032
Clear,2.24,Weekday,0.14,1.0,Afternoon,0.52,4.46,19.9412
Clear,10.22,Weekday,0.23,2.0,Morning,0.63,3.5,23.694900000000004
Clear,46.35,Weekday,0.24,1.0,Morning,0.95,3.1,68.52850000000001
Rain,5.42,Weekday,0.24,3.0,Morning,1.84,3.85,30.318
Clear,1.56,Weekday,0.37,4.0,Afternoon,1.31,2.93,34.2628
Clear,37.63,Weekday,0.11,4.0,Evening,0.68,3.63,38.6058
Snow,18.56,Weekend,0.47,1.0,Morning,,4.74,45.385000000000005
Rain,4.4,Weekend,0.1,2.0,Morning,1.94,3.77,16.834
Clear,38.73,Weekday,0.47,,Morning,1.94,2.41,87.29869999999998
Rain,33.93,Weekday,0.39,2.0,Morning,0.88,,59.92869999999999
Clear,32.63,Weekday,0.37,1.0,Night,0.86,2.12,35.8539
Clear,29.97,Weekday,0.45,3.0,Morning,0.56,4.17,64.86420000000001
Clear,25.11,Weekday,0.25,4.0,Afternoon,1.34,3.66,59.3324
Clear,,Weekday,0.35,,Evening,0.74,3.05,74.58429999999998
Clear,37.63,Weekday,,2.0,Afternoon,0.92,2.9,72.356
Clear,48.15,Weekday,0.34,2.0,Night,0.95,3.45,72.6627
Clear,15.36,Weekday,0.34,1.0,Afternoon,0.74,3.49,16.9168
Snow,47.05,Weekday,0.49,4.0,Morning,1.87,2.52,128.6549
Clear,48.32,Weekday,0.44,2.0,Morning,0.61,2.49,61.5552
Clear,12.23,Weekday,0.3,4.0,Afternoon,0.95,2.77,25.9025
Clear,36.72,Weekend,0.17,,,1.56,2.39,61.8883
Clear,4.63,Weekday,0.39,,Afternoon,0.91,4.95,18.8626
,7.59,Weekday,0.25,2.0,Afternoon,0.67,3.95,23.9803
Clear,4.19,Weekday,0.19,1.0,Morning,1.89,4.07,
Snow,23.33,Weekday,,1.0,Morning,1.92,2.04,59.0736
Clear,6.56,Weekday,0.38,4.0,Evening,1.59,2.32,32.0088
Rain,2.81,Weekend,0.38,3.0,Evening,1.12,2.82,27.4942
Clear,43.96,Weekday,0.25,2.0,,1.08,2.29,59.0718
Clear,13.02,Weekday,,1.0,Evening,1.87,4.85,48.0134
Clear,26.3,Weekday,0.39,2.0,Evening,1.61,3.03,65.9299
Clear,,,0.19,1.0,Morning,0.8,3.63,60.7045
Clear,40.2,Weekday,0.2,3.0,Morning,1.53,3.38,78.18800000000002
,1.89,Weekday,0.41,2.0,Morning,0.74,4.6,52.77959999999999
,47.04,Weekday,0.36,4.0,Night,1.38,4.83,98.3796
Clear,22.31,Weekday,0.31,2.0,Afternoon,1.94,3.15,54.6247
Clear,16.27,Weekday,0.41,1.0,Morning,,2.34,64.05529999999999
Clear,19.29,Weekend,0.16,3.0,Evening,1.51,3.99,48.2843
Clear,27.79,Weekday,0.43,2.0,Evening,0.72,2.77,44.1197
Rain,26.09,Weekday,0.45,4.0,,0.87,3.92,54.62179999999999
Clear,122.82019097975328,Weekday,0.12,,Afternoon,0.96,4.13,247.5983178992313
Clear,32.4,Weekend,0.28,4.0,Night,1.88,4.33,68.9296
Clear,42.97,Weekend,0.38,4.0,Afternoon,1.9,4.88,108.9734
Clear,45.12,Weekday,0.2,4.0,Afternoon,1.52,,79.70039999999999
Clear,116.66768073006573,Weekday,0.25,2.0,Morning,0.74,3.81,248.29520891209057
Clear,16.63,,0.32,2.0,Evening,1.15,2.77,27.6353
Clear,5.61,Weekday,0.11,1.0,,0.97,2.32,16.6464
Clear,6.69,Weekday,0.45,4.0,Night,1.88,3.3,44.6007
Rain,3.85,Weekday,,4.0,Afternoon,1.66,3.51,11.2645
,9.68,Weekday,0.13,2.0,Morning,1.91,3.37,31.341
Clear,15.91,Weekday,0.21,4.0,Morning,1.77,4.42,56.716
Rain,45.51,Weekday,0.44,4.0,Evening,1.26,3.71,100.305
Clear,5.49,Weekend,0.49,4.0,Afternoon,0.62,2.39,34.4049
Clear,32.48,Weekday,0.27,3.0,Evening,0.99,4.29,41.65619999999999
Rain,44.67,Weekend,0.46,2.0,Afternoon,1.12,4.55,61.09400000000001
Snow,15.0,Weekday,0.21,3.0,Night,1.76,4.72,46.46469999999999
Clear,17.56,Weekday,0.11,1.0,Evening,1.22,3.22,36.0458
Clear,4.77,Weekend,0.18,2.0,Morning,0.96,,
Clear,,Weekday,,3.0,Morning,1.35,2.65,55.3348
Clear,33.91,Weekday,0.38,2.0,Morning,0.73,2.48,40.3595
,19.34,Weekend,0.46,2.0,Afternoon,1.51,2.06,79.24600000000001
Clear,9.75,Weekend,0.3,1.0,Afternoon,0.99,3.89,45.2855
Rain,17.38,Weekday,0.1,2.0,Morning,1.01,3.78,23.1248
Clear,19.08,Weekend,0.1,4.0,Afternoon,1.22,4.36,39.1976
Rain,13.64,Weekday,0.14,4.0,Morning,1.54,2.43,29.5606
Rain,43.23,Weekday,0.35,2.0,Morning,0.78,3.51,70.8329
Clear,2.29,Weekend,0.41,1.0,Morning,1.8,4.26,13.9334
Clear,26.07,Weekday,0.49,1.0,Afternoon,1.51,3.62,
Clear,19.37,Weekday,0.11,3.0,Morning,0.69,4.69,26.9741
Clear,6.98,Weekend,0.18,2.0,Afternoon,0.78,2.32,20.791
Clear,24.33,Weekday,0.11,3.0,Morning,1.0,4.3,33.7362
Clear,35.48,Weekday,0.38,3.0,Afternoon,1.43,3.23,81.39859999999999
Clear,44.88,Weekday,0.5,1.0,Afternoon,0.58,3.87,68.4404
,19.95,Weekday,0.49,3.0,Morning,0.88,2.5,
Clear,27.1,Weekday,0.18,3.0,,1.05,4.11,53.040000000000006
Clear,1.54,Weekday,0.38,3.0,Afternoon,1.56,3.62,9.8718
Snow,4.11,Weekend,0.37,4.0,Afternoon,1.9,2.27,51.6226
Clear,38.31,Weekend,0.41,1.0,Afternoon,0.64,2.99,40.2799
Rain,41.68,,0.48,1.0,Evening,1.72,4.25,
Clear,19.16,Weekend,,2.0,Afternoon,0.57,4.64,34.5791
Clear,3.0,Weekday,0.33,2.0,Evening,1.83,4.62,26.111700000000003
,43.96,Weekday,0.42,3.0,Morning,1.24,4.54,88.9502
Clear,37.14,Weekday,0.45,3.0,Evening,0.78,3.4,52.0972
Clear,8.92,Weekday,0.36,3.0,Morning,1.07,3.69,28.4048
Clear,47.29,Weekend,0.14,1.0,Morning,1.75,2.71,97.75249999999998
Rain,,Weekday,0.12,2.0,Afternoon,0.89,2.3,26.1176
Snow,23.67,Weekday,0.38,1.0,Evening,1.73,4.76,62.2353
,6.82,Weekday,0.12,2.0,Afternoon,1.93,4.43,29.965799999999994
Clear,30.87,Weekday,0.31,4.0,Evening,1.85,2.08,76.4286
Clear,5.12,Weekend,0.21,4.0,Morning,1.92,3.17,28.7693
Snow,16.82,Weekday,0.44,4.0,Evening,1.14,4.94,65.1668
Clear,46.98,Weekend,0.45,4.0,Morning,1.92,4.4,101.6666
Rain,1.81,Weekday,0.32,1.0,Night,1.71,2.86,12.5567
Clear,37.87,Weekday,0.26,1.0,Night,,3.76,64.5434
Clear,27.91,Weekend,0.24,3.0,Morning,1.22,4.53,42.0962
Rain,21.18,Weekday,0.32,2.0,Afternoon,1.26,3.05,46.1432
Rain,4.11,Weekend,0.15,2.0,Evening,0.63,4.1,11.2613
Clear,34.9,Weekend,0.25,3.0,Afternoon,0.85,4.9,44.1375
Clear,40.91,,0.36,1.0,Afternoon,1.65,3.34,88.1071
Clear,36.02,Weekend,,2.0,Morning,1.28,3.34,79.2381
Clear,46.9,Weekday,0.21,4.0,Evening,0.56,4.47,48.44540000000001
Clear,21.33,Weekday,0.43,1.0,Morning,0.56,4.62,46.61750000000001
Clear,8.56,Weekend,0.33,4.0,Night,,2.63,46.2939
Clear,9.72,Weekend,0.17,2.0,Afternoon,1.54,3.95,36.2571
Rain,6.55,Weekend,0.3,3.0,Morning,0.55,4.43,21.6555
Clear,,Weekday,0.32,1.0,Morning,1.96,3.88,122.418
Clear,40.91,Weekday,0.28,1.0,Afternoon,1.16,4.73,57.53359999999999
Rain,42.26,Weekday,0.26,3.0,Morning,1.69,2.3,84.1558
Clear,10.14,Weekend,0.27,4.0,Morning,0.89,2.17,
,44.61,Weekday,0.28,,Afternoon,1.03,3.96,55.9143
Clear,9.28,Weekday,0.43,3.0,Morning,0.51,3.06,38.447500000000005
Clear,13.85,Weekday,0.38,4.0,Night,1.25,4.77,59.6075
Clear,23.64,Weekend,0.13,1.0,Morning,1.92,4.9,
Clear,14.77,Weekend,0.28,4.0,Afternoon,1.21,4.8,54.42370000000001
Clear,26.03,Weekday,0.4,2.0,Morning,1.55,2.27,76.20850000000002
Clear,31.77,Weekday,0.49,4.0,Afternoon,1.11,4.77,72.9137
Clear,43.44,Weekend,0.23,3.0,Evening,1.87,2.97,101.1216
Rain,47.42,Weekday,0.16,2.0,Morning,1.64,3.02,97.4848
Rain,7.86,,0.26,3.0,Afternoon,0.75,4.82,
Rain,10.14,Weekday,0.38,4.0,Afternoon,1.62,4.5,
Rain,20.26,Weekday,0.27,3.0,Morning,0.63,2.29,23.0728
Clear,31.06,Weekday,0.44,4.0,Evening,0.88,4.41,48.4496
Rain,33.51,Weekend,0.32,4.0,Afternoon,1.09,3.94,61.9923
Clear,41.91,Weekday,0.34,2.0,Afternoon,1.19,4.82,63.7777
Rain,36.28,Weekday,,2.0,,1.64,4.53,66.039
Clear,2.19,Weekday,0.18,1.0,Afternoon,0.51,2.8,6.472899999999999
Clear,46.61,Weekday,0.44,1.0,Evening,1.84,2.74,97.7908
Clear,27.1,,0.26,4.0,Afternoon,1.8,,73.0726
Rain,44.64,Weekday,0.11,1.0,Evening,1.58,2.5,78.7809
Clear,2.41,Weekday,0.19,2.0,,0.87,3.47,11.5061
,43.55,Weekday,0.33,2.0,Afternoon,0.79,4.97,
Clear,25.42,Weekday,0.2,4.0,Evening,1.43,4.84,54.7066
Clear,5.96,Weekday,0.23,,Afternoon,0.69,4.96,27.8795
Snow,37.16,Weekend,0.23,1.0,Evening,0.89,3.04,46.3014
Clear,22.17,,0.41,4.0,Night,1.97,2.34,69.6268
Clear,40.31,Weekday,0.12,4.0,Morning,1.34,4.18,71.2142
Clear,,Weekday,0.14,3.0,Afternoon,0.74,4.03,18.7636
,40.96,Weekend,0.4,1.0,Morning,1.82,3.94,92.8432
Clear,41.5,Weekday,0.42,3.0,Evening,1.47,3.13,102.72459999999998
Clear,44.47,Weekday,0.24,2.0,Evening,1.71,4.95,95.1969
Clear,8.64,Weekend,0.48,2.0,Afternoon,1.71,2.55,60.2028
Clear,,Weekday,0.32,3.0,Evening,0.63,2.93,15.618000000000002
Snow,12.67,Weekday,0.23,1.0,Morning,1.96,,37.2489
Snow,34.83,Weekday,0.41,3.0,Afternoon,1.12,4.83,79.71459999999999
Snow,24.2,Weekday,0.28,1.0,Afternoon,0.75,2.43,49.4676
Rain,,Weekend,0.28,4.0,Afternoon,1.24,2.98,44.7092
Rain,35.7,Weekday,0.47,2.0,Afternoon,1.52,3.39,75.5657
Clear,32.04,Weekday,0.41,4.0,,1.02,4.44,40.8518
Rain,16.17,Weekday,0.14,1.0,,1.75,4.62,45.28790000000001
Clear,34.47,Weekday,0.46,1.0,Afternoon,1.01,4.49,41.834700000000005
Clear,8.97,Weekday,0.25,1.0,Afternoon,1.07,4.89,25.5304
Clear,21.06,Weekend,0.28,3.0,Afternoon,1.74,3.19,44.7904
Clear,42.48,Weekday,0.14,4.0,Evening,1.95,4.79,96.7288
Clear,22.85,Weekend,0.23,3.0,Morning,,4.34,45.44370000000001
Clear,44.47,Weekend,0.31,1.0,Night,0.79,4.79,59.761300000000006
Rain,,Weekday,0.41,,Afternoon,1.55,3.84,39.9065
Clear,28.85,,0.47,1.0,Morning,0.61,3.27,63.9534
Rain,32.52,Weekday,0.18,4.0,Morning,1.86,3.55,81.85180000000001
Rain,13.22,Weekday,0.37,2.0,Morning,0.68,3.79,31.99
,,Weekday,0.29,4.0,Afternoon,0.97,2.84,19.5819
Clear,36.08,Weekday,0.17,4.0,Afternoon,1.29,,65.2064
Clear,14.65,Weekday,0.5,4.0,Afternoon,0.8,4.17,63.93
Rain,29.76,Weekday,0.14,3.0,Morning,1.94,2.15,62.7544
Clear,5.99,Weekday,0.25,3.0,Night,1.57,2.76,41.014300000000006
Clear,46.49,Weekday,0.34,3.0,Afternoon,1.99,4.08,118.0321
Clear,49.24,Weekday,0.13,2.0,Afternoon,0.79,4.64,54.67150000000001
Snow,112.8309582902826,Weekday,0.23,2.0,Afternoon,1.9,3.35,233.00828520738887
Clear,10.04,Weekend,0.22,,Afternoon,1.86,2.16,44.4294
Clear,41.24,Weekday,0.38,1.0,Afternoon,1.03,3.91,60.92600000000001
Clear,13.71,Weekday,0.3,3.0,Afternoon,0.76,3.54,22.3206
Clear,32.42,Weekday,0.11,4.0,Evening,1.41,2.58,49.852
Rain,44.71,Weekday,0.47,1.0,Night,1.94,2.5,
Clear,30.16,Weekend,0.13,4.0,Morning,1.5,3.55,
Rain,32.12,Weekday,0.43,4.0,Afternoon,1.12,2.63,86.89770000000001
Rain,7.82,Weekend,0.27,2.0,Night,0.98,3.2,36.1464
Clear,43.81,Weekday,0.26,3.0,Afternoon,1.28,2.81,69.9316
Clear,49.66,Weekend,0.16,4.0,Afternoon,1.15,4.86,72.969
Snow,24.13,Weekday,0.31,1.0,Afternoon,1.92,3.37,57.0497
Clear,36.81,Weekday,0.39,2.0,Morning,1.87,2.45,78.95210000000002
Clear,41.7,Weekday,0.33,2.0,,1.35,2.46,80.7792
Rain,35.15,Weekday,0.21,1.0,Afternoon,,2.76,91.8308
Clear,24.58,Weekend,0.13,1.0,Afternoon,1.92,2.22,58.59289999999999
Rain,45.47,Weekend,0.23,4.0,Night,1.28,2.12,73.4155
Clear,30.03,Weekday,0.36,1.0,,1.05,3.31,64.7971
Clear,49.99,Weekend,0.36,3.0,Afternoon,0.93,3.07,80.7619
Clear,37.45,Weekday,0.11,4.0,Afternoon,0.5,4.92,32.2063
Clear,3.53,Weekend,0.12,1.0,Morning,0.59,2.9,16.1211
Clear,45.51,Weekday,0.13,1.0,Evening,0.63,4.23,36.4958
Clear,7.71,Weekday,0.33,3.0,Afternoon,,4.91,53.726
Clear,29.91,,0.11,1.0,Afternoon,1.4,4.38,52.678
Clear,1.27,Weekday,0.16,2.0,Morning,0.62,4.47,11.3358
Rain,38.13,Weekday,0.27,4.0,,0.63,3.42,41.544
Rain,33.76,Weekday,0.5,1.0,Evening,1.66,,102.3316
Clear,24.88,Weekend,0.2,2.0,Morning,1.54,3.4,55.3432
Snow,9.15,Weekday,0.48,2.0,Afternoon,0.84,2.12,48.8108
Clear,28.22,Weekday,0.14,3.0,Morning,1.38,2.7,55.7598
Rain,29.27,Weekend,0.1,4.0,Morning,1.9,3.97,62.982
Clear,43.18,Weekday,,3.0,Afternoon,1.54,3.03,98.6948
Rain,4.29,,0.43,3.0,Morning,0.99,2.02,13.9727
Clear,49.38,Weekday,0.28,1.0,Morning,1.03,3.64,57.153000000000006
,19.44,Weekday,0.47,,Night,1.82,4.04,55.053
Clear,13.99,Weekday,0.46,4.0,Afternoon,1.39,2.39,69.9337
Clear,12.77,Weekday,,3.0,Morning,0.53,3.37,17.662100000000002
Clear,18.06,Weekend,0.33,3.0,Afternoon,0.77,2.72,23.279
Clear,,Weekend,0.42,4.0,Morning,1.18,2.82,47.375
Clear,31.4,Weekday,0.32,3.0,Night,1.87,4.5,72.2196
Rain,41.93,Weekend,0.21,4.0,Evening,1.64,4.34,87.6519
Clear,46.55,Weekday,0.3,3.0,Night,1.42,4.41,83.375
Clear,21.56,Weekday,0.32,1.0,Afternoon,1.51,,
Clear,8.01,Weekday,0.43,3.0,Afternoon,0.98,,31.7102
Snow,2.93,Weekend,0.3,2.0,Evening,1.58,4.93,43.60339999999999
Clear,23.66,Weekday,0.15,3.0,Morning,0.61,3.53,25.8856
,37.02,Weekday,0.14,4.0,Afternoon,1.91,3.44,87.89620000000001
Clear,,Weekday,0.41,3.0,Morning,1.3,2.86,68.2181
Rain,4.68,Weekend,0.47,4.0,Afternoon,1.24,2.03,53.6582
Clear,33.91,Weekday,0.11,4.0,Afternoon,0.53,,29.2693
Clear,26.49,Weekday,0.15,1.0,Night,1.82,3.54,66.6318
Rain,3.22,Weekday,0.31,3.0,Afternoon,1.63,2.83,37.1504
Clear,38.84,Weekend,0.25,2.0,Morning,1.34,4.93,69.52810000000001
Clear,26.43,Weekend,0.36,4.0,Afternoon,1.41,3.85,58.65549999999999
Rain,36.68,Weekend,0.36,3.0,,0.94,3.89,76.6192
Clear,18.76,Weekday,0.29,2.0,Afternoon,0.9,2.57,53.4536
Clear,36.75,Weekday,0.27,2.0,Afternoon,1.21,3.28,76.2217
Snow,8.49,Weekday,0.25,,Evening,,3.47,33.2317
,11.88,Weekday,0.34,1.0,Afternoon,0.71,3.75,22.544600000000003
Clear,15.43,Weekday,0.16,2.0,Evening,0.93,2.73,29.0991
Clear,28.93,Weekday,0.46,2.0,Morning,2.0,3.31,74.5744
Snow,5.76,Weekday,0.18,2.0,Afternoon,0.93,2.93,19.3694
Clear,2.14,Weekend,0.25,4.0,Afternoon,0.79,4.01,16.525599999999997
Clear,48.5,Weekday,0.39,1.0,Evening,1.66,3.61,114.9417
Clear,7.83,Weekday,0.18,4.0,Afternoon,0.93,4.16,29.3753
Clear,47.36,Weekday,0.15,1.0,Evening,1.85,,102.885
Clear,11.04,Weekend,0.38,2.0,Evening,0.59,2.83,11.596999999999998
,37.16,Weekend,0.44,2.0,Afternoon,1.72,3.08,84.4676
Clear,38.98,Weekday,0.26,3.0,Afternoon,1.28,3.16,57.0766
Rain,19.49,Weekend,0.22,4.0,Night,0.69,4.41,34.5781
Rain,41.3,Weekday,0.2,1.0,Afternoon,,2.22,37.17
Clear,29.73,Weekend,0.38,1.0,Evening,,3.17,47.488200000000006
Clear,21.84,Weekday,0.15,4.0,Evening,1.2,3.31,46.639
Clear,23.16,Weekday,,2.0,Morning,1.36,2.16,62.1095
Rain,26.61,Weekday,0.18,4.0,Morning,0.68,3.07,33.0286
,2.79,Weekday,0.21,1.0,Evening,1.98,3.62,30.371
Clear,18.43,Weekend,0.2,2.0,Afternoon,1.08,2.17,45.03040000000001
Clear,40.17,Weekday,0.42,3.0,Evening,0.66,3.81,56.6394
Clear,7.91,Weekday,0.47,4.0,Morning,1.55,4.09,68.3748
Rain,105.94355003672597,Weekend,0.32,2.0,Night,1.69,3.94,201.869509186128
Clear,14.59,Weekend,0.21,2.0,Morning,0.86,,25.1968
Rain,36.58,Weekend,0.15,4.0,Evening,1.15,3.13,57.791
Rain,100.38042000901908,Weekday,,3.0,Afternoon,,4.46,329.9130039401465
Clear,42.71,Weekday,0.15,3.0,Morning,,2.32,48.4081
Clear,21.45,Weekday,0.3,2.0,Evening,1.12,4.27,53.056
Clear,43.82,Weekday,0.15,4.0,Afternoon,1.48,2.19,73.3691
Clear,34.73,Weekday,0.14,4.0,Evening,1.13,4.85,44.88589999999999
Rain,32.18,Weekday,0.17,2.0,Night,1.39,2.95,62.4923
Clear,5.94,Weekday,0.44,3.0,Night,1.25,2.63,58.6618
Rain,,Weekday,0.47,2.0,Evening,0.83,3.46,56.2678
Clear,29.01,Weekday,0.2,2.0,,1.39,4.36,62.4379
Clear,14.72,Weekday,0.39,,Morning,1.95,4.2,38.0988
,41.08,,0.46,4.0,Morning,1.71,3.31,90.5124
Snow,41.05,,0.1,2.0,Night,1.5,2.99,67.736
Clear,26.42,Weekend,0.22,3.0,Night,1.98,4.8,60.7394
Clear,36.4,Weekday,,4.0,Afternoon,1.34,4.05,94.105
Clear,39.96,Weekday,0.2,4.0,Afternoon,1.0,3.89,45.782
Clear,38.36,Weekday,0.36,3.0,Evening,0.79,4.94,49.3168
Clear,32.04,Weekday,0.2,3.0,Afternoon,0.65,3.26,30.446
Rain,2.33,Weekday,0.33,2.0,Morning,1.38,,43.0228
Clear,18.55,Weekday,0.14,1.0,Afternoon,1.07,4.28,25.3115
Rain,39.64,Weekday,0.42,4.0,Afternoon,1.17,2.65,57.3952
Clear,49.26,Weekday,0.29,4.0,Afternoon,1.95,3.09,109.4304
Clear,32.95,Weekday,0.19,1.0,Morning,1.56,3.36,
Clear,1.53,Weekday,0.42,1.0,Evening,1.7,4.33,
Clear,21.78,Weekday,0.12,4.0,Afternoon,0.56,3.15,26.2692
Snow,9.89,Weekday,0.33,2.0,Evening,1.36,2.61,38.95910000000001
Snow,37.3,Weekday,0.35,3.0,Morning,1.86,4.21,107.7025
Clear,,Weekday,0.23,3.0,Evening,0.82,2.21,37.4586
Rain,25.23,Weekday,0.13,3.0,Morning,1.35,3.94,51.0291
Clear,43.99,Weekday,0.36,3.0,Morning,1.69,4.62,
Clear,6.76,Weekend,0.45,,Afternoon,1.3,3.2,27.9315
Rain,43.29,Weekday,0.37,1.0,Evening,1.82,2.12,94.2463
Clear,28.15,Weekday,0.18,2.0,Afternoon,0.61,2.06,22.2951
Clear,18.69,Weekday,0.17,3.0,Evening,1.79,4.9,51.8548
Snow,20.07,Weekday,0.15,2.0,Evening,0.85,3.34,32.155
,30.33,Weekday,0.15,4.0,Evening,0.51,3.48,36.4698
Clear,4.81,Weekend,0.28,1.0,Afternoon,1.87,4.3,46.1779
Clear,30.3,Weekend,0.35,1.0,Night,1.64,4.5,72.2695
Clear,26.86,Weekday,0.31,4.0,Afternoon,1.32,2.87,55.1892
Snow,2.3,Weekend,0.47,1.0,Morning,1.54,,26.4327
Clear,3.0,Weekday,0.28,1.0,Afternoon,0.73,3.79,8.729600000000001
Clear,9.59,Weekend,0.38,2.0,Afternoon,0.9,3.29,20.2164
Snow,13.12,Weekday,0.44,3.0,Afternoon,1.17,4.62,64.9824
Clear,32.46,Weekend,0.5,3.0,Evening,1.36,2.88,102.8806
Snow,29.59,Weekend,0.28,4.0,Afternoon,1.32,4.6,64.73160000000001
Clear,138.76388715029725,Weekday,0.39,2.0,Night,1.71,3.98,332.0436886774302
Clear,32.85,Weekday,0.42,4.0,Night,1.18,2.44,54.4414
Rain,30.73,Weekend,0.19,3.0,Morning,1.83,4.33,72.553
Rain,25.32,Weekend,0.36,4.0,Evening,1.81,3.58,62.7976
Snow,37.58,Weekday,0.47,4.0,Afternoon,1.16,2.91,86.22719999999998
Snow,,Weekend,0.27,1.0,Evening,1.47,2.1,76.48649999999999
Clear,23.5,Weekday,0.23,4.0,Morning,1.0,3.34,36.9301
Clear,,,0.35,3.0,,1.38,4.52,73.587
Clear,30.72,Weekend,0.12,3.0,Afternoon,1.19,4.75,45.5308
Clear,27.04,Weekday,0.15,2.0,Night,0.67,2.3,25.6218
Clear,2.1,Weekend,0.22,3.0,Morning,1.05,,25.4386
Clear,29.63,Weekday,0.28,3.0,Afternoon,1.76,2.43,56.345600000000005
Clear,43.99,Weekday,0.29,2.0,Night,0.96,2.64,66.5363
Clear,31.98,,0.35,3.0,Morning,1.16,2.32,57.7533
Clear,44.74,Weekday,0.49,2.0,,1.25,3.65,62.8678
Clear,47.5,Weekend,0.3,,Morning,0.51,4.39,57.28
Rain,27.43,Weekend,0.28,4.0,Morning,1.59,2.58,52.7821
Rain,39.97,Weekday,0.15,3.0,Night,0.67,4.96,47.846900000000005
Snow,14.17,Weekend,0.15,4.0,Afternoon,0.65,4.84,19.7235
Snow,12.85,Weekday,,4.0,Evening,0.61,3.94,23.4957
,7.84,Weekday,0.3,4.0,Morning,0.82,3.73,26.2988
Clear,11.88,Weekday,0.27,2.0,Afternoon,0.63,4.67,22.7573
Clear,42.92,Weekday,0.34,3.0,Morning,1.05,4.66,71.095
Clear,2.76,Weekday,0.3,3.0,Afternoon,1.81,4.73,
Rain,104.37179088913676,Weekday,0.45,1.0,,1.12,3.22,206.50865196831717
Clear,41.04,Weekday,0.1,,Afternoon,0.85,3.78,44.101
Clear,33.22,Weekend,0.32,1.0,Night,1.66,2.31,70.5816
Clear,7.9,Weekday,0.42,3.0,Afternoon,1.91,3.61,42.1098
Clear,7.68,Weekday,0.48,3.0,Evening,1.52,3.48,60.32639999999999
Rain,42.61,Weekday,0.49,3.0,Morning,0.94,2.43,72.86829999999999
Rain,47.75,Weekday,0.49,4.0,Evening,1.68,3.78,94.6379
Clear,4.49,Weekday,0.31,3.0,Morning,1.78,3.25,45.75449999999999
Clear,31.52,Weekday,0.19,1.0,,0.65,4.89,29.0925
Clear,5.63,Weekday,,1.0,Evening,1.43,3.88,51.39649999999999
Clear,1.34,Weekend,0.46,3.0,,1.33,3.64,22.718200000000003
Clear,6.86,Weekend,0.18,2.0,Night,1.18,2.93,29.4658
Clear,13.14,Weekday,0.14,3.0,,1.11,3.6,23.105000000000004
Clear,12.2,Weekend,0.12,1.0,Afternoon,1.47,3.28,35.284
Clear,,Weekday,0.31,1.0,Night,1.5,3.38,45.8161
Clear,39.95,Weekend,0.31,3.0,Evening,1.19,4.46,59.828
Clear,49.02,Weekend,0.16,4.0,Afternoon,1.65,4.9,95.2278
,31.59,,0.42,3.0,Morning,1.72,2.26,73.5544
Rain,42.76,Weekday,0.17,2.0,Afternoon,1.29,4.85,71.5568
Clear,11.29,Weekday,0.44,3.0,Evening,,2.11,62.6572
Clear,31.39,Weekday,0.19,1.0,Afternoon,0.86,3.63,36.0271
Rain,37.97,Weekday,0.45,2.0,Evening,1.13,3.6,97.57659999999998
Clear,47.74,Weekday,0.17,3.0,Evening,0.67,3.71,44.733
Clear,31.54,Weekday,0.26,2.0,Morning,1.91,3.09,87.6076
Snow,31.84,Weekday,0.18,3.0,Evening,0.79,3.94,45.6194
Clear,22.37,Weekday,0.12,3.0,Evening,1.32,3.27,34.376400000000004
Clear,39.67,Weekday,0.23,1.0,Evening,1.16,3.88,61.871
Clear,35.35,Weekday,0.15,1.0,Morning,1.21,4.2,58.825
Clear,40.7,Weekday,0.38,2.0,Evening,1.81,4.16,91.2296
Clear,146.0670471598387,Weekday,0.3,2.0,Afternoon,0.73,4.79,320.958663578238
Clear,,Weekday,0.37,4.0,Night,1.47,2.73,65.6944
Clear,45.16,Weekend,0.41,3.0,Afternoon,,2.04,79.833
Clear,3.3,Weekend,0.25,2.0,Afternoon,1.11,3.22,33.183
Clear,22.26,Weekday,0.29,2.0,Evening,0.63,,46.7471
Snow,43.26,Weekday,0.43,4.0,Morning,1.26,2.92,77.8741
Rain,46.54,Weekday,0.22,2.0,Morning,0.84,2.07,60.0264
Clear,3.52,Weekday,0.36,,Afternoon,,2.35,42.4232
Clear,45.83,Weekday,0.39,4.0,Evening,1.36,4.5,88.1462
Clear,18.09,Weekday,0.25,4.0,Morning,0.72,4.32,19.2698
Clear,39.04,Weekday,0.28,4.0,Afternoon,1.08,,62.0444
Rain,33.59,Weekday,0.42,1.0,Afternoon,0.57,3.66,69.7245
Rain,25.14,Weekday,0.19,2.0,Afternoon,1.15,3.13,40.2186
Rain,49.14,Weekday,0.22,3.0,Afternoon,1.21,3.58,69.1972
Clear,22.92,Weekday,0.13,3.0,Morning,1.61,2.31,48.11750000000001
Clear,8.87,Weekday,0.37,3.0,Night,1.19,4.96,24.6913
Rain,5.97,Weekday,0.32,4.0,Afternoon,1.89,4.69,44.95569999999999
Snow,37.75,Weekday,0.12,2.0,Evening,0.56,3.55,30.0888
Clear,6.73,Weekday,0.47,4.0,Afternoon,1.78,3.39,20.0083
Clear,6.91,Weekday,0.42,3.0,Morning,0.89,2.38,17.1693
Clear,38.68,Weekend,0.42,,Afternoon,1.17,3.92,73.2164
Clear,26.59,Weekday,0.1,2.0,Morning,0.93,4.39,34.2597
Clear,20.43,Weekday,0.39,2.0,Evening,1.43,2.51,52.6406
Clear,28.5,Weekday,0.46,1.0,Afternoon,1.78,4.92,105.9418
Clear,27.27,Weekend,0.37,3.0,Afternoon,0.78,2.52,47.996
Clear,22.52,Weekend,0.35,2.0,Afternoon,1.49,4.6,
Clear,,Weekend,0.45,2.0,Afternoon,0.83,2.47,76.1018
Clear,6.05,Weekday,0.33,3.0,Morning,0.84,3.89,24.4754
Clear,14.72,Weekday,0.47,4.0,Afternoon,1.07,2.89,20.9951
Clear,20.46,,0.39,,Morning,1.3,4.08,65.232
Clear,49.35,Weekday,0.36,2.0,Morning,1.8,2.7,109.4796
Clear,19.35,Weekday,0.32,3.0,Morning,0.8,3.56,36.2624
Clear,14.43,Weekday,0.21,4.0,Morning,1.46,2.81,29.0627
Clear,17.42,Weekday,0.3,4.0,Afternoon,1.92,2.09,62.0624
Rain,15.56,Weekday,,2.0,Afternoon,1.48,2.21,59.2055
Clear,16.58,,0.16,2.0,Evening,1.23,4.46,
Clear,21.95,Weekday,0.1,3.0,Morning,0.88,4.05,27.865
Clear,17.94,Weekday,0.49,1.0,Morning,0.69,3.69,58.0861
Clear,7.85,,0.24,3.0,Afternoon,,2.36,28.7235
Clear,30.09,Weekend,0.22,,Morning,1.63,3.54,62.6715
Rain,37.53,Weekday,0.48,4.0,Afternoon,1.84,2.19,101.0292
Rain,31.75,Weekday,0.19,1.0,Morning,1.75,2.13,70.7341
Clear,8.47,Weekend,0.2,2.0,Evening,1.15,3.33,25.4565
Clear,22.15,Weekend,0.42,2.0,Morning,0.91,2.56,32.985499999999995
Clear,14.4,Weekend,0.19,2.0,Afternoon,1.98,2.39,34.3543
,,Weekday,0.39,3.0,Morning,0.99,4.74,29.5584
Clear,,Weekday,0.43,4.0,Morning,0.58,2.4,14.892
Rain,21.52,Weekend,0.48,3.0,Night,1.81,4.72,93.5096
Clear,21.65,Weekday,,3.0,Evening,1.05,2.18,31.6941
Snow,19.14,Weekend,0.22,2.0,Evening,1.79,4.97,41.6946
Clear,5.79,Weekday,0.45,2.0,Morning,1.95,3.89,19.973
Clear,1.76,Weekend,0.29,,Evening,1.22,2.49,23.3132
Snow,48.53,Weekday,,1.0,Afternoon,1.94,4.57,124.2416
Rain,,Weekday,0.27,2.0,Morning,0.69,3.59,47.33
Rain,38.71,Weekday,0.31,2.0,Afternoon,1.25,2.41,86.3545
Clear,26.5,Weekday,0.45,1.0,Morning,0.81,4.44,77.4795
Clear,10.74,,0.32,3.0,Morning,0.51,2.2,23.5462
Clear,31.29,Weekday,0.28,,Night,1.9,4.1,79.637
Clear,27.74,Weekday,0.35,1.0,Afternoon,0.62,,46.9988
Clear,26.42,Weekday,0.23,3.0,Evening,1.86,3.76,75.22040000000001
Clear,24.74,Weekend,0.36,3.0,Night,1.82,5.0,88.8816
Clear,45.1,Weekday,0.44,3.0,Morning,0.88,,81.572
Clear,30.43,Weekend,0.37,2.0,Morning,1.3,4.52,65.0136
Clear,,Weekday,0.45,1.0,Afternoon,1.25,3.79,46.274
Clear,20.22,Weekday,,1.0,Afternoon,0.55,3.46,24.4816
Clear,23.27,Weekend,0.38,2.0,Afternoon,1.9,4.88,78.85079999999999
Clear,44.8,Weekend,0.35,1.0,Morning,1.58,4.51,108.2325
Clear,30.68,Weekday,0.27,1.0,Night,1.44,2.75,72.16069999999999
Clear,11.4,Weekday,0.15,3.0,Morning,,4.12,36.118
Rain,47.57,Weekday,0.42,,Afternoon,0.74,4.0,80.81119999999999
Clear,26.95,Weekend,0.22,2.0,Afternoon,1.32,2.44,44.7548
Clear,8.44,Weekend,0.45,3.0,Evening,0.63,2.06,41.30720000000001
Clear,35.21,Weekend,0.39,4.0,Afternoon,0.56,3.94,66.581
Clear,38.77,Weekday,0.2,1.0,Evening,0.71,3.45,38.6747
Clear,5.87,Weekend,0.34,4.0,Evening,0.93,2.84,28.0701
Clear,11.05,Weekday,0.18,4.0,Night,0.75,4.76,15.5675
Clear,23.58,Weekday,0.34,2.0,Afternoon,0.6,2.54,29.778
Clear,36.56,Weekend,0.12,3.0,Evening,0.81,2.76,40.9716
Rain,34.55,Weekday,,1.0,Afternoon,1.03,2.47,63.615
,21.93,,,3.0,Afternoon,0.76,4.53,48.024
Clear,1.71,Weekday,0.18,4.0,Morning,1.27,4.45,22.4347
Clear,,Weekday,0.35,1.0,Afternoon,0.7,3.02,70.745
Clear,48.5,Weekday,0.12,4.0,Morning,0.82,2.59,50.7312
Clear,14.14,Weekday,0.49,4.0,Evening,,3.06,59.8622
Rain,28.28,Weekday,0.4,2.0,Afternoon,1.17,3.15,77.5496
Clear,12.32,Weekday,0.31,3.0,Afternoon,1.15,3.8,19.9427
Clear,45.56,Weekday,0.5,,Afternoon,0.9,,85.88400000000001
Clear,31.14,Weekend,0.35,2.0,,0.92,4.29,35.4798
Clear,38.79,Weekday,0.33,2.0,Afternoon,1.88,3.95,104.2421
Clear,9.44,Weekday,0.18,1.0,Morning,0.57,4.56,12.6264
Clear,6.22,Weekend,0.47,4.0,Afternoon,1.16,3.87,46.6313
Clear,29.95,Weekday,0.24,2.0,Morning,0.7,4.24,48.7802
,5.09,Weekday,0.21,4.0,Afternoon,0.53,4.48,
Clear,6.77,Weekend,0.36,2.0,Afternoon,0.92,2.38,10.4444
Rain,31.29,Weekday,0.21,3.0,Morning,,4.41,
Clear,108.14699381139414,Weekday,0.36,1.0,Morning,,2.25,239.17140732641303
Clear,43.44,Weekday,0.19,1.0,Morning,0.79,3.51,39.9195
Clear,9.64,,,4.0,Evening,1.28,3.53,39.4645
Clear,26.63,Weekend,0.34,2.0,Afternoon,,2.52,57.1264
Clear,9.49,Weekday,0.13,1.0,Evening,0.68,2.28,12.9998
Clear,13.65,Weekday,0.29,2.0,Afternoon,1.61,3.07,
Clear,,Weekday,0.27,2.0,Night,1.49,3.34,89.0764
Clear,39.0,Weekend,0.43,1.0,Evening,1.56,2.19,90.8983
Rain,40.5,Weekend,,3.0,Afternoon,1.54,2.8,84.3528
Rain,4.72,Weekday,0.48,1.0,,1.48,4.28,35.6928
Clear,21.79,Weekday,0.34,2.0,Evening,1.17,4.37,31.7717
Clear,7.25,Weekday,0.17,,Night,1.73,2.1,17.9592
Rain,17.21,Weekday,0.1,2.0,Afternoon,1.61,4.48,42.8661
Clear,10.42,Weekday,0.28,1.0,Morning,0.85,,43.0058
Clear,23.17,Weekday,0.35,2.0,Afternoon,1.79,4.15,78.1988
Clear,14.82,Weekday,0.18,4.0,Evening,0.81,3.7,31.609
Clear,23.72,Weekday,0.15,3.0,Afternoon,1.89,2.22,52.9083
Rain,39.4,Weekend,0.27,2.0,,1.15,2.92,72.9188
Rain,38.25,,0.17,1.0,Morning,1.18,3.49,67.24510000000001
Clear,26.4,Weekday,0.39,4.0,Afternoon,,2.52,
Rain,4.57,Weekday,0.3,2.0,,0.98,4.05,13.0646
Clear,19.66,Weekday,0.44,2.0,Night,1.73,4.56,84.873
Rain,22.97,Weekend,0.2,2.0,Night,0.76,2.25,31.8132
Clear,45.36,Weekday,0.24,3.0,Night,0.77,2.7,54.436800000000005
Clear,3.22,Weekday,0.3,1.0,Afternoon,1.17,4.21,32.151399999999995
Rain,21.11,Weekend,0.18,4.0,Afternoon,0.69,4.61,34.3067
Clear,23.21,Weekday,0.15,4.0,Afternoon,1.18,3.4,45.85979999999999
Clear,17.61,Weekday,0.47,1.0,Morning,1.34,4.26,58.257000000000005
Rain,23.09,Weekday,,3.0,Morning,1.68,3.58,48.835
Clear,,Weekend,0.5,1.0,Morning,0.91,3.43,60.077
Clear,34.86,Weekday,0.4,4.0,Evening,1.45,3.74,62.895
Clear,26.48,Weekend,0.2,3.0,Morning,1.25,2.15,44.844
Clear,32.61,,0.31,1.0,Afternoon,0.7,,31.3891
Clear,44.94,Weekday,0.31,1.0,Evening,1.04,2.61,69.1938
Clear,9.67,Weekend,0.26,4.0,Morning,1.94,2.96,32.7178
Rain,29.59,Weekday,0.29,3.0,Afternoon,1.46,4.32,49.36
Clear,15.74,Weekday,0.21,2.0,Afternoon,1.84,3.05,39.4624
Rain,35.65,Weekend,0.42,4.0,Night,0.69,4.35,43.8543
Rain,18.44,Weekday,0.18,2.0,Afternoon,1.9,4.99,48.027
Clear,45.81,Weekday,0.28,2.0,Evening,1.41,,75.03649999999999
Rain,138.09832791310237,Weekend,0.32,4.0,Evening,1.75,2.24,280.87730155406564
Clear,28.2,Weekend,0.22,2.0,Morning,1.03,4.74,37.086
Rain,13.48,Weekday,0.22,3.0,Afternoon,1.07,3.21,38.769
Clear,33.29,Weekday,0.19,3.0,Afternoon,1.1,4.48,50.996100000000006
Clear,8.43,Weekday,0.13,4.0,Afternoon,0.88,2.36,
Clear,11.19,Weekday,0.3,3.0,,0.6,4.05,35.964
Clear,38.78,Weekday,0.15,3.0,Morning,1.62,3.08,
Snow,25.42,Weekday,0.41,4.0,Evening,1.03,2.73,49.1871
Clear,2.3,Weekend,0.26,,Night,1.44,2.43,13.4484
Rain,30.92,Weekday,0.23,4.0,Morning,1.31,2.47,46.5931
Clear,4.22,Weekday,0.16,3.0,Evening,1.81,4.02,25.095
Clear,30.11,Weekday,0.3,3.0,Morning,1.33,3.25,54.1983
Clear,32.81,Weekend,0.23,,Afternoon,,4.84,55.82120000000001
Clear,19.02,Weekday,0.12,2.0,Evening,1.36,2.55,35.0028
Rain,47.08,Weekend,0.34,1.0,Evening,0.76,4.67,65.587
Clear,27.14,Weekend,0.49,2.0,Afternoon,0.57,3.99,31.4354
Rain,48.62,Weekend,0.11,1.0,Afternoon,1.17,2.15,67.2293
Clear,20.77,Weekend,0.26,4.0,Morning,,3.48,47.3268
Clear,46.4,Weekday,0.33,4.0,Afternoon,1.46,3.63,101.9914
Rain,41.61,Weekend,0.15,3.0,Evening,0.78,2.79,47.314800000000005
Clear,9.5,Weekday,0.43,1.0,Afternoon,1.22,2.16,29.2945
Rain,17.05,Weekday,0.25,4.0,Afternoon,0.9,4.63,
Clear,21.11,Weekend,0.36,3.0,Evening,0.65,3.54,30.4015
Clear,27.89,Weekend,0.11,1.0,,0.65,2.51,31.3844
Clear,6.63,Weekend,0.25,4.0,Afternoon,1.72,4.08,40.8036
Rain,11.26,Weekend,,3.0,Morning,0.68,2.34,30.5768
Snow,2.64,Weekday,0.43,1.0,Morning,1.71,4.53,51.2833
Clear,4.26,Weekend,0.14,4.0,Afternoon,0.7,2.57,14.8186
Clear,6.56,Weekday,0.31,3.0,Afternoon,0.85,3.48,39.4174
Rain,25.87,Weekday,0.23,2.0,Afternoon,1.26,4.35,62.7959
Clear,,Weekday,0.18,4.0,Evening,1.09,4.2,66.1816
Clear,10.17,Weekday,0.25,1.0,Evening,1.41,,41.4372
Clear,,Weekday,0.49,3.0,Afternoon,0.8,4.37,14.6611
Clear,19.45,Weekday,0.29,1.0,Afternoon,0.86,2.4,24.0367
Snow,20.55,Weekday,0.4,3.0,Evening,1.48,3.73,53.16
Rain,29.2,Weekday,0.18,3.0,Afternoon,1.45,3.76,59.87539999999999
Clear,41.04,Weekend,0.4,1.0,Afternoon,1.06,3.5,63.522400000000005
Clear,8.98,,0.22,2.0,Evening,1.67,4.59,38.1392
Clear,8.21,Weekend,0.34,3.0,Morning,1.36,2.97,46.49680000000001
Clear,25.63,Weekday,0.18,3.0,Afternoon,,4.21,54.1556
Clear,5.16,Weekday,0.25,2.0,Night,1.72,3.23,26.6477
Clear,43.06,,0.38,1.0,Afternoon,1.71,4.74,94.3478
Clear,48.09,Weekend,0.29,1.0,Afternoon,1.23,4.47,90.4747
Clear,31.93,Weekday,0.32,1.0,Afternoon,1.71,4.77,71.4247
Clear,1.71,Weekday,0.17,3.0,Morning,1.67,3.72,15.1029
Rain,8.37,Weekend,,3.0,Night,1.62,2.27,52.9882
Rain,7.11,Weekday,0.11,2.0,Morning,0.95,4.01,20.2751
Clear,6.29,Weekday,0.21,3.0,Afternoon,1.37,4.15,29.645000000000003
Rain,17.54,Weekday,0.49,2.0,Morning,1.29,2.56,50.696
Rain,1.25,Weekday,0.31,3.0,,1.49,3.97,9.8005
Clear,39.47,Weekday,0.35,1.0,Afternoon,,,83.69649999999999
Rain,28.68,Weekday,0.12,2.0,Evening,,4.84,40.174
Clear,9.02,Weekday,0.31,3.0,Afternoon,1.14,3.17,
Clear,5.12,Weekday,0.4,4.0,Morning,1.62,,51.45840000000001
Rain,8.65,Weekday,0.26,3.0,Afternoon,0.62,2.12,16.1592
Clear,2.8,Weekday,0.45,3.0,Morning,,2.45,44.2055
Clear,45.42,Weekend,0.47,3.0,Evening,0.74,4.16,50.89789999999999
Clear,10.59,Weekday,0.24,4.0,Morning,,4.44,38.0619
Clear,15.37,Weekday,0.37,1.0,Morning,1.07,4.95,45.1203
Clear,107.78683195771164,Weekend,0.18,1.0,Morning,1.3,2.05,322.7259960920446
Clear,38.02,,0.35,4.0,Evening,1.31,,66.2817
Clear,4.46,Weekend,0.3,3.0,Afternoon,0.53,3.22,23.7068
Clear,44.94,,0.42,2.0,Evening,1.83,,129.5356
Clear,16.53,Weekend,0.27,4.0,Morning,0.63,4.34,21.4931
Clear,35.14,Weekend,0.11,2.0,Morning,1.05,4.17,53.550900000000006
Clear,46.78,Weekend,0.17,3.0,Afternoon,1.75,3.13,90.7801
Rain,35.04,Weekend,0.15,4.0,Morning,1.1,2.9,
Clear,47.54,Weekend,0.38,1.0,Afternoon,0.86,3.88,68.4308
Clear,32.92,Weekday,0.36,4.0,Evening,0.7,4.17,38.8456
Rain,45.64,Weekend,0.4,4.0,Afternoon,1.3,3.56,78.744
Clear,46.17,Weekday,0.28,4.0,Afternoon,1.57,4.13,99.8989
Clear,20.02,Weekday,0.12,3.0,Night,0.61,3.37,23.1614
Clear,9.91,Weekend,0.42,2.0,Morning,,2.49,57.075500000000005
Clear,109.61608204688008,Weekday,0.23,4.0,Afternoon,1.69,4.46,327.21766546350466
Clear,14.34,Weekday,0.29,1.0,Afternoon,1.01,3.23,30.7837
Rain,5.19,Weekday,0.48,4.0,Evening,0.87,4.57,12.7333
Rain,28.28,Weekday,0.16,2.0,Evening,1.88,4.41,71.6404
,15.93,Weekday,0.42,2.0,Afternoon,1.5,2.44,35.016400000000004
Clear,6.39,Weekday,0.38,4.0,Evening,1.31,4.28,51.6275
Clear,46.56,Weekday,0.46,3.0,Morning,0.87,4.46,99.8038
Clear,,Weekday,0.4,4.0,Morning,0.9,2.22,69.336
Snow,49.51,Weekday,0.14,3.0,Evening,0.74,4.81,
Clear,10.34,Weekday,,1.0,Morning,1.64,4.91,43.8625
Clear,31.96,Weekday,,3.0,Afternoon,0.94,3.55,35.0564
Clear,39.91,Weekday,0.44,4.0,Evening,1.33,3.65,75.4875
Clear,4.93,Weekend,0.29,1.0,Evening,1.07,2.16,9.9494
Clear,38.84,Weekday,,1.0,Afternoon,1.23,4.81,62.89040000000001
Clear,37.31,Weekday,0.46,2.0,Morning,0.95,3.1,54.9343
Rain,,Weekday,0.19,3.0,Afternoon,0.91,2.03,31.4168
Clear,29.1,Weekday,0.12,4.0,Morning,0.82,3.26,30.698
Snow,44.83,Weekend,0.19,3.0,Afternoon,1.09,2.17,64.7223
Rain,47.42,Weekend,0.3,3.0,Afternoon,,3.36,95.9602
Clear,8.61,Weekday,0.28,3.0,Morning,1.24,3.07,32.2544
Clear,30.27,Weekend,0.41,4.0,Afternoon,0.67,3.66,41.0174
Clear,,Weekday,0.31,1.0,Evening,1.15,3.77,77.0499
Clear,14.3,Weekday,0.37,3.0,Night,0.99,4.99,59.181
Rain,9.54,Weekend,0.33,1.0,Afternoon,1.79,2.1,33.1785
Clear,17.49,Weekday,0.47,2.0,Afternoon,1.28,4.76,61.8896
Rain,12.92,Weekend,0.14,2.0,Night,1.14,3.69,
Clear,42.63,Weekend,0.21,1.0,Morning,,4.14,46.15260000000001
Clear,49.32,Weekday,0.14,1.0,Evening,1.43,2.45,88.6814
Clear,13.26,Weekday,0.33,4.0,Morning,1.56,3.49,38.814400000000006
Clear,12.1,Weekend,0.31,,Morning,0.59,,19.2643
Clear,20.08,Weekend,0.42,1.0,Afternoon,1.05,2.8,49.5082
Clear,29.6,Weekday,0.18,2.0,Afternoon,1.5,3.51,52.2336
Clear,21.22,Weekday,0.3,2.0,Morning,1.85,3.76,73.21499999999999
Rain,37.92,Weekday,0.39,2.0,Evening,0.84,2.02,77.56840000000001
Clear,44.92,Weekday,0.28,2.0,Morning,1.84,2.99,101.8744
Clear,,Weekday,0.15,3.0,Morning,1.87,4.0,51.031000000000006
Clear,42.93,Weekday,0.14,2.0,Afternoon,0.54,3.24,43.19980000000001
Clear,6.1,Weekday,,3.0,Evening,1.34,2.74,32.1352
Clear,26.63,Weekend,0.38,1.0,Afternoon,0.56,3.73,35.08540000000001
Rain,11.58,Weekday,0.17,3.0,Morning,0.97,4.93,26.9202
Clear,8.1,Weekend,0.13,1.0,Afternoon,0.98,2.62,14.6127
Clear,1.64,Weekday,0.44,3.0,Afternoon,1.53,3.32,32.7396
Clear,40.61,Weekday,0.38,1.0,Afternoon,0.88,2.31,54.1018
Clear,41.27,Weekday,0.33,1.0,Evening,1.65,2.64,106.2963
,31.48,Weekday,0.37,1.0,Evening,0.61,3.38,46.4367
Clear,25.76,Weekday,0.21,3.0,Morning,0.56,2.39,36.7152
Clear,38.42,Weekday,0.4,1.0,Afternoon,0.63,4.29,54.76660000000001
Clear,26.7,Weekday,0.22,4.0,Evening,1.62,4.51,50.789
Snow,39.21,Weekday,0.21,2.0,Morning,0.94,2.88,54.6348
Snow,16.93,Weekday,0.37,4.0,Afternoon,1.12,2.17,42.9949
Clear,1.97,Weekday,0.37,1.0,Afternoon,1.98,2.08,32.428200000000004
Rain,16.8,Weekday,,4.0,Afternoon,0.88,2.78,26.9585
Rain,26.71,Weekend,0.2,4.0,Afternoon,1.59,4.3,69.0049
Rain,48.75,Weekend,0.46,2.0,Afternoon,1.02,3.46,61.1936
Clear,27.07,Weekday,0.25,1.0,Evening,0.74,2.23,31.2318
Clear,30.45,Weekday,0.34,3.0,Morning,1.78,2.77,
Rain,29.45,Weekend,0.29,,Night,1.48,3.38,
Rain,139.06223019422194,Weekday,0.14,2.0,Afternoon,1.82,2.8,276.84059674137075
Rain,12.88,Weekday,0.18,4.0,Morning,0.76,4.81,32.2622
Clear,43.37,Weekend,0.42,3.0,Afternoon,0.73,2.3,56.61489999999999
Rain,13.64,Weekday,0.15,4.0,Morning,1.5,3.77,39.275
Rain,19.36,Weekday,0.15,1.0,Night,1.4,2.96,38.3875
Clear,10.6,Weekday,0.3,3.0,Afternoon,,4.21,32.342
Clear,24.22,Weekend,0.46,2.0,Afternoon,1.39,4.23,86.3292
Clear,25.61,,0.29,3.0,Evening,1.56,3.79,66.9097
Clear,,Weekday,0.4,3.0,Night,0.82,2.11,45.9582
Clear,,Weekend,0.37,3.0,Afternoon,1.46,2.55,85.6182
Clear,38.0,Weekday,0.29,,Evening,1.85,4.54,83.6299
Rain,28.75,Weekend,0.22,2.0,Afternoon,1.42,4.8,59.68299999999999
,47.53,Weekday,0.2,2.0,Morning,0.77,2.11,56.7461
,126.54762829842768,Weekend,0.28,1.0,Afternoon,0.85,4.23,224.9146628555729
Clear,32.04,Weekend,0.22,3.0,Afternoon,1.5,,62.9006
Clear,14.65,Weekend,,2.0,Evening,1.79,3.74,40.020700000000005
Clear,16.94,Weekend,0.19,4.0,Morning,0.63,2.56,25.662
Rain,41.96,Weekend,0.19,4.0,Afternoon,1.22,2.21,68.65440000000001
Rain,40.38,Weekday,0.23,1.0,Morning,0.8,,63.432300000000005
Clear,5.18,Weekday,0.21,2.0,Evening,1.29,2.49,21.7323
Clear,12.86,Weekday,0.4,1.0,Evening,1.13,2.39,39.5698
Clear,5.34,Weekday,0.18,2.0,,,2.34,10.2366
Clear,2.24,Weekend,0.33,3.0,Evening,0.68,2.63,8.6709
Clear,30.96,Weekday,0.18,2.0,Afternoon,1.24,2.96,53.9468
Clear,29.92,Weekday,0.28,1.0,Afternoon,1.14,2.14,
Clear,31.18,Weekday,0.35,1.0,Afternoon,0.79,2.71,58.5727
Clear,,Weekday,0.18,1.0,Afternoon,1.22,3.64,38.4514
Clear,17.71,Weekday,0.48,4.0,Night,1.48,2.71,31.829600000000003
Rain,15.14,Weekday,0.37,3.0,Morning,0.7,2.73,46.61319999999999
,4.65,Weekday,0.43,1.0,Afternoon,1.08,4.51,33.8442
Clear,3.22,Weekday,0.37,3.0,Morning,,3.36,20.0527
Clear,49.3,Weekday,0.4,2.0,Afternoon,0.86,2.38,63.866
Clear,37.09,Weekend,0.18,4.0,Evening,1.87,3.33,76.46470000000001
Clear,28.36,Weekend,0.13,3.0,,1.21,2.48,49.7657
Clear,5.35,Weekday,0.12,1.0,,1.42,4.72,22.8002
Clear,22.63,Weekday,0.44,2.0,Morning,,4.33,
