Weather,Per_Km_Rate,Passenger_Count,Day_of_Week,Base_Fare,Trip_Duration_Minutes,Per_Minute_Rate,Time_of_Day,Trip_Price
Clear,0.81,3.0,Weekend,2.62,102.33,0.34,Afternoon,45.4312
Rain,1.18,1.0,,3.49,109.53,0.17,Morning,67.24510000000001
Rain,1.0,3.0,Weekday,,110.18,0.48,Evening,104.1764
Clear,0.79,1.0,Weekday,2.71,89.23,0.35,Afternoon,58.5727
Clear,1.44,,Weekend,2.43,29.64,0.26,Night,13.4484
Rain,1.79,1.0,Weekday,4.39,56.78,,,283.6452005933156
Clear,0.6,,Weekday,2.83,68.86,0.26,Morning,46.90559999999999
Clear,0.62,1.0,Weekend,3.5,10.15,0.11,Afternoon,22.5469
Clear,0.56,1.0,Weekend,3.73,43.27,0.38,Afternoon,35.08540000000001
Clear,1.56,1.0,Weekend,2.19,64.81,0.43,Evening,90.8983
Clear,1.42,1.0,Weekday,4.72,87.36,0.12,,22.8002
Clear,0.6,2.0,Weekday,2.54,38.5,0.34,Afternoon,29.778
Clear,0.63,1.0,Weekday,4.29,65.68,0.4,Afternoon,54.76660000000001
Clear,0.73,,,3.93,,0.12,Morning,27.3543
Clear,0.93,2.0,Weekday,4.39,51.41,0.1,Morning,34.2597
Rain,1.52,2.0,Weekday,3.39,,0.47,Afternoon,75.5657
Clear,1.13,1.0,Weekday,2.39,56.62,0.4,Evening,39.5698
Clear,0.61,1.0,,3.27,91.67,0.47,Morning,63.9534
Clear,1.79,2.0,Weekend,3.74,29.58,,Evening,40.020700000000005
Clear,1.92,2.0,Weekday,,,0.34,Evening,41.9406
Clear,1.22,4.0,Weekend,4.36,115.6,0.1,Afternoon,39.1976
Clear,0.88,4.0,Weekday,2.36,57.18,0.13,Afternoon,
Clear,1.42,3.0,Weekday,4.41,42.88,0.3,Night,83.375
Rain,0.97,3.0,Weekday,4.93,63.28,0.17,Morning,26.9202
Clear,1.16,1.0,Weekday,3.88,52.06,0.23,Evening,61.871
Rain,1.92,2.0,Weekday,2.74,82.51,0.43,,41.3681
Clear,0.76,3.0,Weekday,3.54,27.87,0.3,Afternoon,22.3206
Clear,0.61,2.0,Weekday,2.49,67.25,0.44,Morning,61.5552
Clear,0.9,2.0,,3.2,12.4,0.11,Evening,26.263
,0.71,4.0,Weekend,4.29,87.97,0.45,Afternoon,53.3479
Rain,0.69,4.0,Weekend,4.61,84.06,0.18,Afternoon,34.3067
Clear,1.61,,Weekend,3.88,116.97,0.24,Morning,96.546
Clear,0.67,2.0,Weekday,3.9,34.29,0.3,Afternoon,41.4292
Clear,1.91,4.0,Weekday,4.13,103.47,0.36,Afternoon,99.0039
Clear,1.87,3.0,Weekday,4.0,100.36,0.15,Morning,51.031000000000006
Clear,1.36,4.0,Weekday,4.5,54.66,0.39,Evening,88.1462
Rain,1.13,2.0,Weekday,3.6,113.49,0.45,Evening,97.57659999999998
Clear,1.37,3.0,Weekday,4.15,80.37,0.21,Afternoon,29.645000000000003
Clear,0.84,3.0,Weekday,3.89,46.98,0.33,Morning,24.4754
Clear,1.24,1.0,Weekend,3.39,6.12,0.3,Afternoon,27.174
Snow,1.9,2.0,Weekday,3.35,78.63,0.23,Afternoon,233.00828520738887
Clear,0.8,3.0,Weekday,3.56,53.82,0.32,Morning,36.2624
Clear,1.92,3.0,Weekend,3.89,49.98,0.47,Evening,55.71979999999999
Clear,1.71,2.0,Weekday,4.95,59.18,0.24,Evening,95.1969
,1.69,2.0,Weekday,3.92,82.14,,Morning,55.3948
,1.72,3.0,,2.26,40.38,0.42,Morning,73.5544
Rain,1.69,3.0,Weekday,2.3,40.14,0.26,Morning,84.1558
Clear,1.88,4.0,Weekend,4.33,13.17,0.28,Night,68.9296
Clear,,2.0,Weekday,2.34,12.72,0.18,,10.2366
Clear,1.65,1.0,Weekday,2.64,107.76,0.33,Evening,106.2963
Clear,0.63,1.0,Weekday,4.23,27.65,0.13,Evening,36.4958
Clear,0.78,1.0,Weekday,3.38,54.04,0.39,Night,39.2366
Clear,1.97,4.0,Weekday,4.64,108.76,0.44,Morning,138.6425
Clear,,1.0,Weekday,,7.59,0.35,Afternoon,83.69649999999999
Clear,,3.0,Weekday,4.21,73.28,0.3,Afternoon,32.342
Clear,1.22,3.0,Weekday,2.49,118.44,,,44.69539999999999
Rain,1.15,2.0,Weekday,3.13,43.04,0.19,Afternoon,40.2186
Clear,1.99,3.0,Weekday,4.08,63.05,0.34,Afternoon,118.0321
Snow,0.79,3.0,Weekday,3.94,91.81,0.18,Evening,45.6194
Clear,0.82,3.0,Weekend,4.85,91.83,0.15,Morning,33.3599
Clear,1.33,3.0,Weekend,3.64,37.6,0.46,,22.718200000000003
Clear,0.68,1.0,Weekday,2.28,32.82,0.13,Evening,12.9998
Clear,0.92,2.0,Weekend,4.29,7.26,0.35,,35.4798
Clear,0.57,1.0,Weekday,4.56,14.92,0.18,Morning,12.6264
Clear,1.98,2.0,Weekend,2.39,18.17,0.19,Afternoon,34.3543
Rain,1.62,4.0,Weekday,4.5,25.41,0.38,Afternoon,
Clear,1.38,3.0,Weekday,2.7,100.83,0.14,Morning,55.7598
Clear,1.11,2.0,Weekend,3.22,105.2,0.25,Afternoon,33.183
Clear,1.48,4.0,Weekday,2.19,42.17,0.15,Afternoon,73.3691
Snow,1.71,1.0,Weekday,4.53,98.23,0.43,Morning,51.2833
Rain,1.09,4.0,Weekend,3.94,67.27,0.32,Afternoon,61.9923
Clear,1.7,3.0,Weekday,3.42,103.8,0.23,Afternoon,40.163
Clear,1.31,4.0,Weekday,2.93,79.16,0.37,Afternoon,34.2628
Clear,1.76,2.0,Weekday,2.88,78.04,0.2,Evening,24.260800000000003
Rain,1.05,1.0,Weekday,2.38,104.04,0.33,Evening,53.9332
Rain,1.71,1.0,Weekday,2.86,20.63,0.32,Night,12.5567
Clear,1.69,4.0,Weekday,4.46,53.88,0.23,Afternoon,327.21766546350466
Clear,1.46,4.0,Weekday,3.63,92.78,0.33,Afternoon,101.9914
Rain,1.82,1.0,Weekday,2.12,36.05,0.37,Evening,94.2463
Clear,1.19,2.0,Weekday,4.16,36.33,0.16,Morning,68.9135
Rain,1.78,3.0,Weekday,2.08,54.18,,Morning,33.1236
Clear,1.85,2.0,Weekday,3.76,100.66,0.3,Morning,73.21499999999999
Clear,1.61,2.0,Weekday,3.07,,0.29,Afternoon,
Clear,1.73,,Weekday,2.1,19.51,0.17,Night,17.9592
Rain,1.86,4.0,Weekday,3.55,98.97,0.18,Morning,81.85180000000001
Clear,1.16,3.0,Weekday,3.94,79.58,0.44,Afternoon,43.224
Clear,0.74,1.0,Weekday,3.49,6.06,0.34,Afternoon,16.9168
Clear,1.8,1.0,,3.95,16.56,0.42,Morning,84.7232
Clear,1.95,2.0,Weekday,3.89,10.65,0.45,Morning,19.973
Clear,1.97,4.0,,2.34,57.59,0.41,Night,69.6268
Clear,1.22,1.0,Weekday,2.16,36.15,0.43,Afternoon,29.2945
Clear,0.64,3.0,Weekday,3.67,109.94,0.49,Morning,78.64779999999999
Snow,1.16,4.0,Weekday,2.91,84.52,0.47,Afternoon,86.22719999999998
Rain,0.75,3.0,,4.82,,0.26,Afternoon,
Clear,0.55,3.0,Weekend,2.73,17.2,0.26,Afternoon,29.532000000000004
Rain,1.17,4.0,Weekday,2.65,19.92,0.42,Afternoon,57.3952
Clear,1.23,1.0,Weekend,4.47,92.6,0.29,Afternoon,90.4747
Rain,1.3,4.0,Weekend,3.56,39.63,0.4,Afternoon,78.744
Rain,1.12,1.0,Weekday,3.22,89.21,0.45,,206.50865196831717
Rain,1.58,1.0,Weekday,2.5,52.27,0.11,Evening,78.7809
Rain,0.94,3.0,Weekday,2.43,62.01,0.49,Morning,72.86829999999999
Snow,1.52,3.0,Weekend,3.47,76.73,,Morning,73.3549
Clear,1.08,1.0,Weekday,,51.33,0.39,Afternoon,63.56110000000001
Clear,1.21,1.0,Weekday,4.2,79.01,0.15,Morning,58.825
Rain,1.69,2.0,Weekend,3.94,23.03,0.32,Night,201.869509186128
Clear,1.82,3.0,Weekend,5.0,107.93,0.36,Night,88.8816
Clear,0.96,3.0,Weekend,3.16,73.79,0.41,Evening,48.2267
,,3.0,Weekday,3.68,31.66,0.19,Morning,
Rain,1.15,2.0,Weekend,2.92,91.44,0.27,,72.9188
Snow,1.06,3.0,Weekday,3.75,63.09,0.41,Night,59.74210000000001
Clear,0.52,1.0,Weekend,4.28,72.33,0.41,Night,51.2721
Clear,0.54,2.0,Weekday,3.24,119.84,0.14,Afternoon,43.19980000000001
Clear,1.81,2.0,Weekday,4.16,35.27,0.38,Evening,91.2296
,1.24,3.0,Weekday,4.54,71.19,0.42,Morning,88.9502
Clear,0.62,2.0,Weekday,4.47,37.99,0.16,Morning,11.3358
,1.03,,Weekday,3.96,21.45,0.28,Afternoon,55.9143
Clear,1.17,2.0,Weekend,2.38,17.18,0.48,Evening,46.0189
Rain,1.48,1.0,Weekday,4.28,50.89,0.48,,35.6928
,0.64,2.0,Weekday,3.09,67.24,0.27,Afternoon,44.5344
Rain,0.98,4.0,Weekend,3.08,8.93,0.32,,37.1212
Clear,0.92,2.0,Weekday,3.13,33.13,0.41,Evening,49.78730000000001
Clear,1.83,2.0,Weekday,4.62,48.49,0.33,Evening,26.111700000000003
Clear,1.47,4.0,Weekday,2.26,114.15,0.34,Morning,94.5643
Clear,1.13,4.0,Weekday,4.85,5.65,0.14,Evening,44.88589999999999
Snow,1.04,3.0,Weekday,2.81,,0.34,Morning,66.85679999999999
Clear,0.95,2.0,Weekday,3.1,35.63,0.46,Morning,54.9343
Snow,1.55,3.0,Weekday,3.08,54.3,0.28,Evening,50.07450000000001
Rain,1.46,3.0,Weekday,4.32,6.34,0.29,Afternoon,49.36
Clear,0.97,1.0,Weekday,2.32,,0.11,,16.6464
Rain,0.76,4.0,Weekday,4.81,98.13,0.18,Morning,32.2622
Clear,0.58,4.0,Weekday,2.4,26.34,0.43,Morning,14.892
Clear,0.98,1.0,Weekday,3.05,,0.24,Afternoon,19.0904
Clear,0.58,1.0,Weekend,3.69,113.43,0.49,Night,75.27289999999999
Snow,1.73,1.0,Weekday,4.76,43.49,0.38,Evening,62.2353
Rain,1.72,1.0,,4.25,32.07,0.48,Evening,
Rain,1.07,3.0,Weekday,3.21,96.07,0.22,Afternoon,38.769
,0.71,1.0,Weekday,3.75,30.47,0.34,Afternoon,22.544600000000003
Rain,,3.0,Weekday,3.65,48.83,0.34,Night,31.306
Clear,1.3,,Weekend,3.2,35.43,0.45,Afternoon,27.9315
Rain,1.04,3.0,Weekday,2.26,89.67,0.11,Afternoon,57.426100000000005
Rain,0.85,2.0,Weekday,2.36,72.41,0.2,Afternoon,34.726
Clear,0.59,,Weekend,,,0.31,Morning,19.2643
Snow,1.36,2.0,Weekday,2.61,69.39,0.33,Evening,38.95910000000001
Clear,1.08,2.0,Weekend,2.17,114.78,0.2,Afternoon,45.03040000000001
Rain,1.27,3.0,Weekend,4.91,,0.17,Afternoon,24.4491
Clear,0.61,3.0,Weekday,3.53,52.82,0.15,Morning,25.8856
Clear,1.09,4.0,Weekend,2.38,41.37,0.21,Morning,44.5307
Clear,0.81,1.0,Weekday,4.44,114.61,0.45,Morning,77.4795
Clear,1.73,2.0,Weekday,2.13,44.01,0.46,Morning,33.5331
Clear,0.61,2.0,Weekend,4.94,,0.4,Morning,41.2217
Clear,1.16,4.0,Weekday,4.99,77.02,0.15,Morning,55.5074
Clear,1.05,3.0,Weekday,4.11,113.75,0.18,,53.040000000000006
Clear,0.51,2.0,Weekday,3.85,69.95,0.12,Afternoon,35.4031
Clear,1.25,4.0,Weekday,4.77,98.75,0.38,Night,59.6075
Clear,1.83,4.0,Weekday,4.63,107.07,0.24,Evening,40.9225
Rain,1.9,2.0,Weekday,4.99,44.45,0.18,Afternoon,48.027
Clear,1.35,2.0,Weekday,2.46,66.74,0.33,,80.7792
,0.74,2.0,Weekday,4.6,114.1,0.41,Morning,52.77959999999999
Clear,1.62,4.0,Weekday,,,0.4,Morning,51.45840000000001
Clear,1.36,2.0,Weekday,2.16,98.11,,Morning,62.1095
Clear,0.7,2.0,Weekday,4.24,98.23,0.24,Morning,48.7802
Clear,1.39,2.0,Weekday,4.36,88.77,0.2,,62.4379
Clear,1.03,1.0,Weekday,3.64,9.47,0.28,Morning,57.153000000000006
,1.38,4.0,Weekday,4.83,79.54,0.36,Night,98.3796
,0.76,3.0,,4.53,74.52,,Afternoon,48.024
Clear,1.2,3.0,Weekday,4.45,119.08,0.23,Afternoon,70.5144
Rain,1.36,3.0,Weekday,3.29,42.67,0.45,Afternoon,70.2411
Rain,1.15,4.0,Weekend,3.13,83.96,0.15,Evening,57.791
Clear,0.95,1.0,Weekday,2.76,32.28,0.24,Afternoon,53.2857
Clear,1.29,4.0,Weekday,,84.96,0.17,Afternoon,65.2064
Clear,1.11,3.0,Weekday,3.01,84.0,0.12,Morning,58.2448
Clear,0.78,3.0,Weekend,2.52,65.42,0.37,Afternoon,47.996
Snow,1.32,4.0,Weekend,4.6,75.26,0.28,Afternoon,64.73160000000001
Clear,,4.0,Weekday,3.06,82.16,0.49,Evening,59.8622
Clear,1.23,1.0,Weekday,2.6,58.8,0.15,Afternoon,45.9215
Rain,,3.0,Weekday,4.41,50.19,0.21,Morning,
Clear,0.66,2.0,Weekday,4.86,66.91,0.13,Afternoon,30.5797
Rain,1.13,4.0,,4.92,36.56,0.12,Morning,65.084
Clear,,1.0,Weekday,2.25,97.16,0.36,Morning,239.17140732641303
Clear,0.93,2.0,Weekday,2.73,75.12,0.16,Evening,29.0991
Clear,1.34,2.0,Weekend,4.93,50.21,0.25,Morning,69.52810000000001
Clear,0.6,4.0,Weekday,2.24,25.97,0.13,Afternoon,22.0141
Rain,1.74,,Weekend,4.84,54.06,0.28,Evening,40.839400000000005
Clear,1.69,4.0,Weekday,2.15,72.05,0.16,,71.7971
Snow,1.14,1.0,Weekend,2.74,24.7,0.34,Afternoon,46.8086
Rain,1.49,3.0,Weekday,3.97,12.8,0.31,,9.8005
Rain,1.25,2.0,Weekday,2.41,114.7,0.31,Afternoon,86.3545
Clear,1.76,3.0,Weekday,2.43,6.31,0.28,Afternoon,56.345600000000005
Clear,1.18,4.0,Weekday,2.44,31.52,0.42,Night,54.4414
Clear,1.15,2.0,Weekend,3.33,61.93,0.2,Evening,25.4565
Clear,0.59,2.0,Weekend,2.83,5.93,0.38,Evening,11.596999999999998
Clear,0.64,,Weekend,3.26,,0.45,Afternoon,32.9075
Clear,1.5,4.0,Weekend,3.55,117.57,0.13,Morning,
Clear,1.31,4.0,,,33.73,0.35,Evening,66.2817
,1.91,4.0,Weekday,3.44,,0.14,Afternoon,87.89620000000001
Clear,1.67,1.0,Weekday,2.35,18.1,0.13,Afternoon,20.3509
Clear,1.87,3.0,Weekend,2.97,,0.23,Evening,101.1216
Clear,0.83,2.0,Weekend,2.47,80.7,0.45,Afternoon,76.1018
Clear,1.43,4.0,Weekday,2.62,117.69,0.39,Afternoon,58.9867
Clear,1.71,1.0,Weekday,4.77,37.67,0.32,Afternoon,71.4247
Clear,1.44,1.0,Weekday,2.75,93.45,0.27,Night,72.16069999999999
Clear,1.81,3.0,Weekday,4.02,83.98,0.16,Evening,25.095
Clear,1.98,3.0,Weekday,4.47,93.88,0.46,Morning,117.7468
Rain,0.87,4.0,Weekday,4.57,7.6,0.48,Evening,12.7333
Snow,0.61,4.0,Weekday,3.94,26.63,,Evening,23.4957
Clear,1.96,1.0,Weekday,4.13,19.63,0.26,Evening,74.59979999999999
Rain,0.98,2.0,Weekend,3.2,93.64,0.27,Night,36.1464
Clear,1.67,3.0,Weekday,3.72,50.16,0.17,Morning,15.1029
Rain,1.1,4.0,Weekend,2.9,9.99,0.15,Morning,
Clear,1.73,2.0,Weekday,4.56,105.23,0.44,Night,84.873
Clear,1.7,2.0,Weekday,3.78,6.39,0.34,Afternoon,60.38660000000001
Clear,1.54,2.0,Weekend,3.4,68.14,0.2,Morning,55.3432
Clear,0.76,4.0,Weekend,3.59,39.58,0.17,Evening,36.09780000000001
Snow,0.89,1.0,Weekend,3.04,44.3,0.23,Evening,46.3014
Clear,0.72,4.0,Weekday,4.32,7.7,0.25,Morning,19.2698
Clear,0.98,3.0,Weekday,,50.28,0.43,Afternoon,31.7102
Clear,1.85,4.0,Weekend,4.72,88.21,0.44,Night,59.96039999999999
Clear,0.73,2.0,Weekday,2.17,34.01,0.45,Morning,19.6645
Clear,0.7,4.0,Weekend,2.57,66.19,0.14,Afternoon,14.8186
Rain,0.79,1.0,Weekday,4.55,,0.17,Evening,28.164300000000004
Rain,1.19,3.0,Weekend,4.17,74.57,0.25,Afternoon,45.1726
Clear,1.7,1.0,Weekday,4.33,77.3,0.42,Evening,
Clear,1.65,2.0,Weekday,4.01,109.77,0.17,Morning,37.355900000000005
Clear,1.1,3.0,Weekday,4.48,52.09,0.19,Afternoon,50.996100000000006
Clear,1.78,3.0,Weekday,3.25,111.33,0.31,Morning,45.75449999999999
Rain,1.64,4.0,Weekend,4.34,69.27,0.21,Evening,87.6519
Rain,1.17,1.0,Weekend,2.15,74.49,0.11,Afternoon,67.2293
,1.93,2.0,Weekday,4.43,103.11,0.12,Afternoon,29.965799999999994
Clear,0.57,2.0,Weekend,3.82,110.21,,Afternoon,70.29329999999999
Clear,1.85,1.0,Weekday,2.4,7.07,0.15,Afternoon,20.7765
Clear,1.28,4.0,,3.53,87.39,,Evening,39.4645
Clear,,1.0,Weekend,3.14,89.47,0.14,Morning,34.4316
Rain,0.69,4.0,Weekend,4.35,35.49,0.42,Night,43.8543
Clear,0.86,1.0,Weekend,3.88,,0.38,Afternoon,68.4308
Clear,0.86,2.0,Weekend,,44.14,0.21,Morning,25.1968
Clear,0.87,2.0,Weekday,3.47,31.26,0.19,,11.5061
Rain,1.03,1.0,Weekend,2.07,67.33,0.46,Evening,61.459500000000006
Clear,1.65,1.0,,3.34,47.96,0.36,Afternoon,88.1071
Rain,1.5,4.0,Weekday,3.77,100.3,0.15,Morning,39.275
,1.51,2.0,Weekend,2.06,104.31,0.46,Afternoon,79.24600000000001
Rain,0.7,3.0,Weekday,2.73,89.96,0.37,Morning,46.61319999999999
Rain,0.5,2.0,Weekend,4.73,115.15,0.2,Afternoon,32.415000000000006
Clear,1.54,3.0,Weekday,3.03,104.17,,Afternoon,98.6948
Rain,0.67,3.0,Weekday,4.96,107.38,0.15,Night,47.846900000000005
Snow,0.75,1.0,Weekday,2.43,103.17,0.28,Afternoon,49.4676
Rain,0.54,3.0,,3.92,56.07,0.33,Evening,28.2443
Clear,1.89,1.0,Weekday,4.07,69.06,0.19,Morning,
Clear,1.14,1.0,Weekday,2.14,23.1,0.28,Afternoon,
Clear,1.84,1.0,Weekday,2.74,21.11,0.44,Evening,97.7908
Clear,1.8,4.0,,,81.01,0.26,Afternoon,73.0726
Clear,1.91,2.0,Weekend,,102.35,0.22,Night,39.1789
Clear,1.29,1.0,Weekday,3.57,45.23,0.21,Evening,67.3902
Clear,1.92,4.0,Weekend,4.4,15.7,0.45,Morning,101.6666
Clear,1.32,3.0,Weekend,2.31,62.87,0.4,Afternoon,
Rain,1.12,4.0,Weekday,2.63,112.31,0.43,Afternoon,86.89770000000001
Clear,1.18,2.0,Weekend,2.93,102.45,0.18,Night,29.4658
Clear,0.53,3.0,Weekend,3.22,60.41,0.3,Afternoon,23.7068
Clear,1.58,1.0,Weekend,4.51,94.11,0.35,Morning,108.2325
Clear,1.33,1.0,Weekday,3.64,109.6,0.13,Morning,58.8121
Clear,1.4,1.0,,4.38,58.4,0.11,Afternoon,52.678
,1.14,2.0,Weekday,2.42,49.68,0.4,Night,43.9748
,1.82,1.0,Weekend,3.94,35.89,0.4,Morning,92.8432
Clear,1.65,,Weekday,4.53,115.39,0.22,Morning,78.5578
Clear,,1.0,Weekend,4.14,17.36,0.21,Morning,46.15260000000001
Rain,1.26,4.0,Weekday,3.71,89.21,0.44,Evening,100.305
Clear,1.24,2.0,Weekday,2.96,69.98,0.18,Afternoon,53.9468
Clear,0.7,1.0,Weekday,3.02,94.88,0.35,Afternoon,70.745
Clear,0.82,3.0,Weekday,2.21,42.84,0.23,Evening,37.4586
Snow,1.96,1.0,Weekday,,35.59,0.23,Morning,37.2489
Rain,,3.0,Weekday,4.46,89.21,,Afternoon,329.9130039401465
Rain,1.88,2.0,Weekday,4.41,87.9,0.16,Evening,71.6404
Rain,0.74,,Weekday,4.0,99.07,0.42,Afternoon,80.81119999999999
Clear,0.72,2.0,Weekday,2.77,49.63,0.43,Evening,44.1197
Clear,1.43,1.0,Weekday,3.88,82.22,,Evening,51.39649999999999
Rain,1.31,4.0,Weekend,2.38,89.61,0.24,Morning,54.1212
Clear,1.15,3.0,Weekday,3.8,6.37,0.31,Afternoon,19.9427
Snow,1.93,3.0,Weekday,3.92,100.24,0.42,Afternoon,78.715
Snow,0.96,1.0,Weekday,3.99,11.65,0.19,Morning,8.920300000000001
Clear,0.93,3.0,Weekend,3.07,86.67,0.36,Afternoon,80.7619
Clear,1.59,3.0,Weekday,4.52,114.29,0.28,,106.0042
Clear,1.14,3.0,Weekday,3.17,89.73,0.31,Afternoon,
,1.34,1.0,Weekend,4.4,27.6,0.38,Afternoon,41.5138
Clear,1.12,4.0,Weekend,,78.36,0.15,Afternoon,69.91480000000001
Rain,0.86,2.0,Weekday,2.43,37.85,0.18,Evening,22.1172
Clear,0.51,3.0,Weekday,3.06,71.29,0.43,Morning,38.447500000000005
Clear,1.78,3.0,Weekday,2.77,110.33,0.34,Morning,
Clear,1.44,2.0,Weekend,4.8,42.13,0.49,Morning,43.9909
Rain,1.02,2.0,Weekend,3.46,17.41,0.46,Afternoon,61.1936
Rain,0.69,4.0,Weekend,4.41,76.0,0.22,Night,34.5781
Clear,1.86,3.0,Weekday,4.39,,0.16,Night,28.5966
Clear,0.62,1.0,Weekday,,40.57,0.43,Afternoon,
Clear,1.39,2.0,Weekend,4.23,,0.46,Afternoon,86.3292
Clear,1.21,3.0,Weekday,4.94,104.35,0.11,Morning,76.737
Rain,0.91,4.0,Weekend,3.46,,0.38,Afternoon,68.9614
Clear,1.26,2.0,Weekday,2.32,41.72,0.34,Evening,28.9914
,1.93,4.0,Weekday,3.22,56.81,0.15,Morning,84.23230000000001
Clear,1.74,3.0,Weekend,3.19,17.7,0.28,Afternoon,44.7904
Clear,0.63,4.0,Weekend,4.34,24.96,0.27,Morning,21.4931
Rain,0.6,3.0,,3.59,66.8,0.24,Night,33.632000000000005
Clear,1.11,3.0,Weekday,3.6,35.14,0.14,,23.105000000000004
Rain,1.57,3.0,Weekend,3.1,109.74,0.23,Afternoon,104.1555
Clear,1.94,,Weekday,2.41,20.75,0.47,Morning,87.29869999999998
Rain,1.3,3.0,Weekday,4.22,85.95,0.26,Morning,59.886
Rain,0.84,2.0,Weekday,,31.43,0.11,Evening,
Clear,1.21,4.0,Weekend,4.8,113.4,0.28,Afternoon,54.42370000000001
Clear,0.63,2.0,Weekday,,105.77,0.29,Evening,46.7471
Clear,1.71,2.0,Weekend,2.55,89.33,0.48,Afternoon,60.2028
Rain,1.01,2.0,Weekday,3.78,17.91,0.1,Morning,23.1248
Rain,1.4,1.0,Weekday,2.96,55.49,0.15,Night,38.3875
Rain,,1.0,Weekday,2.76,96.08,0.21,Afternoon,91.8308
,1.12,3.0,Weekday,2.9,102.2,0.48,Morning,66.10159999999999
Clear,1.07,1.0,Weekday,4.28,,0.14,Afternoon,25.3115
,1.71,4.0,,3.31,36.86,0.46,Morning,90.5124
Clear,1.25,3.0,Weekend,2.15,47.97,0.2,Morning,44.844
Clear,1.18,4.0,Weekday,3.4,100.48,0.15,Afternoon,45.85979999999999
Clear,1.77,1.0,Weekday,3.41,27.31,0.28,Afternoon,51.058800000000005
Clear,0.57,1.0,Weekday,3.41,92.72,0.39,,57.9476
Clear,1.94,1.0,Weekday,2.02,104.02,0.1,Afternoon,57.915
Clear,,4.0,Weekday,2.52,108.34,0.39,Afternoon,
Clear,0.93,4.0,Weekday,4.16,99.63,0.18,Afternoon,29.3753
Clear,1.97,4.0,Weekday,4.78,94.35,0.27,Morning,123.928
Snow,1.87,2.0,Weekend,3.25,70.95,0.33,Morning,73.5818
Rain,0.51,1.0,Weekend,3.83,52.52,0.29,Evening,41.9343
Clear,1.55,4.0,Weekday,4.09,110.69,0.47,Morning,68.3748
Rain,1.75,4.0,Weekend,2.24,94.86,0.32,Evening,280.87730155406564
,1.4,2.0,Weekend,2.6,73.59,0.35,Evening,96.2845
Clear,1.3,1.0,Weekday,3.53,106.74,0.38,Morning,45.6902
,1.98,1.0,Weekday,3.62,101.08,0.21,Evening,30.371
Rain,0.68,4.0,Weekday,3.07,65.91,0.18,Morning,33.0286
,0.99,3.0,Weekday,4.74,24.57,0.39,Morning,29.5584
Clear,1.71,2.0,Weekday,3.98,74.32,0.39,Night,332.0436886774302
Clear,1.36,4.0,Weekday,4.02,104.15,0.31,Evening,87.5241
Clear,0.91,,Weekday,4.95,24.87,0.39,Afternoon,18.8626
Clear,1.5,2.0,Weekday,3.51,24.02,0.18,Afternoon,52.2336
Rain,,2.0,Weekday,2.91,21.79,0.34,Afternoon,32.1634
Clear,1.3,,Weekend,2.8,53.11,0.37,Morning,25.7527
Clear,0.64,1.0,Weekend,2.99,31.15,0.41,Afternoon,40.2799
Clear,1.34,4.0,Weekday,3.66,88.1,0.25,Afternoon,59.3324
Rain,0.68,2.0,Weekday,3.79,51.92,0.37,Morning,31.99
Clear,0.51,,Weekend,4.39,95.55,0.3,Morning,57.28
Clear,0.8,3.0,Weekday,4.37,18.39,0.49,Afternoon,14.6611
Clear,0.72,2.0,Weekend,4.4,40.76,0.23,Night,40.9764
Snow,1.48,3.0,Weekday,3.73,47.54,0.4,Evening,53.16
Clear,0.95,1.0,Weekday,3.1,89.15,0.24,Morning,68.52850000000001
,0.53,4.0,Weekday,4.48,71.35,0.21,Afternoon,
Clear,0.56,3.0,Weekday,4.17,97.58,0.45,Morning,64.86420000000001
Clear,0.87,1.0,Weekend,4.12,72.77,0.18,Morning,25.8142
Clear,1.21,1.0,Weekend,2.7,37.27,0.15,Evening,52.9032
Clear,1.34,4.0,Weekday,4.05,117.94,,Afternoon,94.105
Clear,1.88,4.0,Weekday,3.3,,0.45,Night,44.6007
Clear,1.59,4.0,Weekday,2.46,109.53,0.49,Afternoon,85.4652
Clear,0.79,1.0,Weekday,3.51,11.01,0.19,Morning,39.9195
Clear,0.75,4.0,Weekday,4.76,14.0,0.18,Night,15.5675
Clear,1.95,4.0,Weekday,3.09,35.46,0.29,Afternoon,109.4304
Clear,1.8,2.0,Weekday,2.23,53.09,0.23,Evening,274.53508679715014
Clear,1.66,1.0,Weekend,,115.59,0.36,Afternoon,62.8
Clear,0.62,1.0,Weekday,,75.8,0.35,Afternoon,46.9988
,0.54,1.0,Weekday,3.48,21.64,0.18,Morning,13.3746
,0.97,4.0,Weekday,2.84,41.04,0.29,Afternoon,19.5819
Rain,0.58,3.0,,4.96,51.22,0.12,Evening,13.9136
Clear,0.59,3.0,Weekend,4.42,36.62,0.16,Evening,12.1141
Clear,1.05,3.0,Weekday,4.66,62.85,0.34,Morning,71.095
Clear,1.4,2.0,Weekend,3.27,16.47,0.19,,24.6973
Clear,1.55,3.0,Weekday,3.12,47.38,0.29,Afternoon,36.4212
Clear,0.61,4.0,Weekday,3.12,61.96,,Night,62.12950000000001
Rain,1.71,3.0,Weekend,4.14,46.78,0.17,Evening,82.44200000000001
Clear,1.2,3.0,Weekday,4.99,41.76,0.46,Morning,76.9996
Clear,1.06,2.0,Weekend,4.43,98.52,0.5,Afternoon,69.749
Clear,1.22,1.0,Weekday,3.64,75.87,0.18,Afternoon,38.4514
Clear,0.56,4.0,Weekend,4.15,73.35,0.2,Night,34.4608
Clear,1.42,,Weekend,3.93,7.17,0.38,Afternoon,35.3812
Clear,1.86,3.0,Weekday,4.11,59.7,0.21,Afternoon,102.4302
Clear,1.02,4.0,Weekday,4.44,9.1,0.41,,40.8518
Clear,1.28,2.0,Weekend,3.34,119.17,,Morning,79.2381
Clear,0.55,1.0,Weekday,3.46,34.14,,Afternoon,24.4816
Snow,1.17,3.0,Weekday,4.62,102.3,0.44,Afternoon,64.9824
Clear,1.74,,Weekday,2.8,108.02,0.32,Afternoon,41.699
Rain,0.97,2.0,Weekday,3.25,19.13,0.11,Evening,19.1962
Clear,0.8,1.0,,3.63,109.95,0.19,Morning,60.7045
Clear,1.87,2.0,Weekday,2.45,19.66,0.39,Morning,78.95210000000002
Clear,1.71,2.0,Weekday,3.95,82.53,0.12,Evening,57.0482
Clear,1.06,1.0,Weekend,3.5,41.3,0.4,Afternoon,63.522400000000005
Clear,1.84,2.0,Weekday,2.99,57.97,0.28,Morning,101.8744
Clear,1.54,2.0,Weekend,3.95,101.99,0.17,Afternoon,36.2571
Rain,1.39,2.0,Weekday,2.95,87.13,0.17,Night,62.4923
Clear,1.62,,Weekday,2.15,42.81,0.47,Evening,29.7551
Rain,1.14,2.0,Weekday,3.7,48.24,0.41,Afternoon,27.1606
Clear,0.96,,Weekday,4.13,30.98,0.12,Afternoon,247.5983178992313
Clear,0.87,1.0,Weekend,3.85,29.11,0.15,Morning,43.31230000000001
Clear,1.08,2.0,Weekday,2.29,37.22,0.25,,59.0718
Clear,1.36,3.0,Weekend,2.88,111.71,0.5,Evening,102.8806
Rain,0.83,3.0,Weekday,2.82,60.29,0.49,Morning,325.0989498083767
Clear,0.95,4.0,Weekday,2.77,38.38,0.3,Afternoon,25.9025
Clear,1.73,4.0,Weekday,3.97,58.48,0.19,Morning,73.0708
Clear,1.3,4.0,Weekday,4.15,6.47,0.23,Evening,66.90710000000001
Clear,0.57,2.0,Weekend,3.99,24.44,0.49,Afternoon,31.4354
Rain,,3.0,Weekend,3.36,30.47,0.3,Afternoon,95.9602
Clear,0.52,1.0,Weekday,4.46,102.26,0.14,Afternoon,19.9412
Rain,0.7,2.0,Weekday,2.72,63.0,0.49,Evening,46.316
Clear,1.19,2.0,Weekday,4.82,26.72,0.34,Afternoon,63.7777
Clear,0.82,4.0,Weekend,2.52,106.03,0.28,,71.3962
Rain,1.04,3.0,Weekday,3.87,42.11,0.31,Night,43.069700000000005
Rain,0.84,1.0,Weekend,4.5,57.02,0.25,Afternoon,44.7782
Clear,1.12,1.0,Weekday,2.79,51.19,0.1,Afternoon,52.9218
,1.82,,Weekday,4.04,33.26,0.47,Night,55.053
Clear,0.68,4.0,Weekday,3.63,85.34,0.11,Evening,38.6058
Snow,0.84,2.0,Weekday,2.12,81.26,0.48,Afternoon,48.8108
Clear,,,Weekday,2.35,106.23,0.36,Afternoon,42.4232
Rain,1.64,2.0,Weekday,3.02,104.35,0.16,Morning,97.4848
Rain,0.55,2.0,Weekday,4.47,72.58,0.44,,60.9462
Rain,1.89,4.0,Weekday,4.69,90.57,0.32,Afternoon,44.95569999999999
Clear,1.59,4.0,Weekday,2.32,50.68,0.38,Evening,32.0088
Clear,1.33,1.0,Weekday,4.14,66.38,0.13,Evening,
Clear,1.87,1.0,Weekend,4.3,117.44,0.28,Afternoon,46.1779
Clear,0.73,2.0,Weekday,4.79,60.81,0.3,Afternoon,320.958663578238
Rain,0.78,3.0,Weekend,2.79,,0.15,Evening,47.314800000000005
Clear,1.2,1.0,Weekday,3.51,55.29,0.39,Evening,33.7491
Rain,1.71,4.0,Weekend,4.45,47.2,0.28,Evening,54.4139
Snow,0.93,2.0,Weekday,2.93,61.57,0.18,Afternoon,19.3694
Clear,1.61,3.0,Weekday,2.31,68.51,0.13,Morning,48.11750000000001
Rain,0.87,4.0,Weekday,3.92,62.23,0.45,,54.62179999999999
Clear,1.65,4.0,Weekend,4.9,59.03,0.16,Afternoon,95.2278
Clear,1.52,1.0,Weekday,4.02,22.2,0.17,Morning,41.2036
Rain,0.91,3.0,Weekday,2.03,12.42,0.19,Afternoon,31.4168
Rain,0.9,1.0,Weekday,3.79,66.66,0.17,Morning,28.5862
Clear,1.33,4.0,Weekday,2.63,81.84,0.33,Morning,69.47070000000001
Clear,,4.0,Weekend,3.48,,0.26,Morning,47.3268
Clear,1.86,,,4.62,7.19,0.43,Evening,45.89750000000001
Clear,0.59,1.0,Weekend,2.9,92.82,0.12,Morning,16.1211
Clear,0.58,2.0,Weekday,2.71,43.98,0.31,Afternoon,39.538
Rain,1.88,2.0,Weekday,3.13,65.69,0.22,Afternoon,93.1014
Rain,1.79,1.0,Weekend,2.1,42.43,0.33,Afternoon,33.1785
Clear,1.49,2.0,Weekday,3.34,115.73,0.27,Night,89.0764
Clear,1.47,1.0,Weekend,3.28,117.25,0.12,Afternoon,35.284
Clear,0.56,4.0,Weekday,4.47,84.34,0.21,Evening,48.44540000000001
Rain,1.22,4.0,Weekend,2.21,80.28,0.19,Afternoon,68.65440000000001
Clear,0.51,1.0,Weekday,2.8,14.2,0.18,Afternoon,6.472899999999999
Clear,1.53,3.0,Weekday,3.32,61.16,0.44,Afternoon,32.7396
,0.67,2.0,Weekday,3.95,59.78,0.25,Afternoon,23.9803
Clear,1.64,1.0,Weekday,4.91,95.63,,Morning,43.8625
Clear,1.47,4.0,Weekday,2.73,42.88,0.37,Night,65.6944
Snow,1.92,1.0,Weekday,3.37,23.71,0.31,Afternoon,57.0497
Clear,1.61,1.0,Weekday,3.23,28.92,0.46,Night,45.513200000000005
Rain,1.8,4.0,Weekday,4.03,52.47,0.16,Evening,35.357200000000006
Clear,1.51,3.0,Weekend,3.99,94.79,0.16,Evening,48.2843
Clear,0.69,,Weekday,4.96,81.77,0.23,Afternoon,27.8795
Rain,0.57,3.0,Weekday,4.9,,0.38,Afternoon,31.0915
Clear,,2.0,Weekend,2.52,57.22,0.34,Afternoon,57.1264
Clear,1.43,4.0,Weekday,4.84,67.58,0.2,Evening,54.7066
Clear,1.0,2.0,Weekday,4.11,86.31,0.36,Evening,51.9016
Rain,1.85,1.0,Weekday,3.69,,,Evening,38.035
Rain,0.75,3.0,Weekday,4.16,52.31,0.23,Morning,50.5038
Snow,1.79,2.0,Weekend,4.97,11.2,0.22,Evening,41.6946
Rain,1.8,1.0,Weekday,4.74,,0.35,Afternoon,96.939
Rain,0.62,3.0,Weekday,2.12,33.37,0.26,Afternoon,16.1592
Clear,1.16,1.0,Weekday,4.73,19.1,0.28,Afternoon,57.53359999999999
Clear,1.19,3.0,Weekend,4.75,35.2,0.12,Afternoon,45.5308
Clear,0.85,4.0,Weekday,4.33,34.0,0.43,Night,27.4415
Clear,1.04,1.0,Weekday,2.61,64.02,0.31,Evening,69.1938
Clear,1.63,,Weekend,3.54,45.84,0.22,Morning,62.6715
Clear,0.85,3.0,Weekend,4.9,38.29,0.25,Afternoon,44.1375
Clear,2.0,4.0,Weekday,2.57,34.47,0.16,Night,47.6252
Clear,0.62,4.0,Weekend,2.39,58.39,0.49,Afternoon,34.4049
Clear,0.56,3.0,Weekday,2.39,94.76,0.21,Morning,36.7152
Clear,1.48,4.0,Weekday,2.71,6.06,0.48,Night,31.829600000000003
,0.79,4.0,,4.6,15.91,0.36,Afternoon,43.823600000000006
,0.82,4.0,Weekday,3.73,53.8,0.3,Morning,26.2988
Clear,1.21,3.0,Weekend,2.48,99.77,0.13,,49.7657
Clear,1.05,3.0,Weekend,,94.38,0.22,Morning,25.4386
Clear,1.22,3.0,Weekend,4.53,,0.24,Morning,42.0962
Snow,,,Weekday,3.47,99.35,0.25,Evening,33.2317
Clear,1.67,2.0,,4.59,84.33,0.22,Evening,38.1392
Rain,1.5,2.0,Weekend,4.6,29.35,0.49,Afternoon,29.9765
Clear,1.32,2.0,Weekend,2.44,,0.22,Afternoon,44.7548
Rain,0.63,2.0,Weekday,2.05,74.75,0.12,Afternoon,22.8766
Clear,1.73,1.0,Weekend,2.8,63.01,,Evening,12.2396
Snow,1.58,2.0,Weekend,4.93,113.48,0.3,Evening,43.60339999999999
Rain,0.88,4.0,Weekday,2.78,62.63,,Afternoon,26.9585
Clear,0.86,2.0,Weekday,2.38,47.72,0.4,Afternoon,63.866
Clear,1.98,1.0,Weekday,2.08,71.48,0.37,Afternoon,32.428200000000004
Clear,0.51,2.0,Weekend,3.74,59.73,0.18,Afternoon,19.1069
Rain,1.29,2.0,Weekday,2.56,52.06,0.49,Morning,50.696
Rain,0.67,3.0,Weekend,2.31,119.54,0.44,Evening,82.0828
Rain,1.81,3.0,Weekend,4.72,103.83,0.48,Night,93.5096
Rain,1.17,2.0,Weekday,3.15,103.28,0.4,Afternoon,77.5496
Rain,0.94,3.0,Weekend,3.89,106.25,0.36,,76.6192
Rain,0.62,1.0,Weekend,3.94,104.02,0.1,Night,36.4388
,0.61,1.0,Weekday,3.38,64.47,0.37,Evening,46.4367
Rain,1.37,1.0,Weekday,4.05,64.22,0.21,Afternoon,42.6209
Snow,1.9,4.0,Weekend,2.27,112.28,0.37,Afternoon,51.6226
Clear,,4.0,,4.27,90.81,0.34,Afternoon,
Rain,1.03,1.0,Weekday,2.47,,,Afternoon,63.615
Rain,1.84,4.0,Weekday,2.19,62.05,0.48,Afternoon,101.0292
Clear,0.53,4.0,Weekday,,,0.11,Afternoon,29.2693
Clear,1.95,4.0,Weekday,4.79,65.02,0.14,Evening,96.7288
Snow,1.76,3.0,Weekday,4.72,73.07,0.21,Night,46.46469999999999
Clear,1.01,1.0,Weekday,4.49,5.5,0.46,Afternoon,41.834700000000005
Clear,0.7,4.0,Weekday,4.17,32.31,0.36,Evening,38.8456
Rain,1.01,4.0,Weekday,2.59,51.44,0.14,Afternoon,58.9584
Clear,0.74,3.0,Weekend,4.16,27.93,0.47,Evening,50.89789999999999
Clear,0.99,3.0,Weekday,4.29,19.3,0.27,Evening,41.65619999999999
,,1.0,Weekend,4.75,35.41,0.33,Afternoon,52.9872
Clear,1.72,2.0,Weekday,3.23,58.17,0.25,Night,26.6477
Snow,0.94,2.0,Weekday,2.88,70.94,0.21,Morning,54.6348
Snow,0.84,2.0,Weekday,2.49,110.81,0.22,Evening,48.4142
Clear,,2.0,Weekday,4.39,30.31,0.1,Afternoon,17.147599999999997
,1.82,3.0,Weekend,2.59,30.6,0.4,Morning,61.54940000000001
Clear,0.85,4.0,Weekend,2.2,19.63,0.25,Afternoon,206.69956969976877
Clear,,3.0,Weekday,4.21,15.48,0.18,Afternoon,54.1556
Clear,0.58,4.0,Weekday,3.86,32.85,0.2,Night,28.6304
Clear,1.36,3.0,Weekend,2.97,95.18,0.34,Morning,46.49680000000001
Clear,0.79,1.0,Weekend,4.79,64.0,0.31,Night,59.761300000000006
Clear,1.21,4.0,Weekend,4.53,47.22,0.32,Evening,72.8562
Clear,0.88,3.0,Weekday,4.05,44.99,0.1,Morning,27.865
Rain,1.75,1.0,Weekday,2.13,68.64,0.19,Morning,70.7341
Rain,0.63,2.0,Weekend,4.1,30.48,0.15,Evening,11.2613
Clear,,3.0,Weekend,2.04,85.1,0.41,Afternoon,79.833
Clear,0.92,2.0,Weekend,2.38,5.1,0.36,Afternoon,10.4444
Clear,1.9,4.0,,4.35,89.4,0.48,Morning,60.315
Clear,2.0,2.0,Weekday,3.31,29.14,0.46,Morning,74.5744
Snow,1.12,4.0,Weekday,2.17,59.09,0.37,Afternoon,42.9949
Clear,1.07,3.0,Weekday,3.69,42.14,0.36,Morning,28.4048
Clear,1.38,1.0,Weekday,4.37,46.85,0.2,Evening,296.0886973121837
Rain,0.68,3.0,Weekend,2.34,58.8,,Morning,30.5768
Clear,1.11,4.0,Weekday,2.58,108.41,0.39,Morning,85.5747
Clear,0.84,3.0,Weekday,3.06,,0.16,Morning,39.066
Clear,1.5,1.0,Weekday,3.38,58.31,0.31,Night,45.8161
Clear,1.21,3.0,Weekday,4.48,12.68,0.46,,68.63480000000001
Clear,1.45,4.0,Weekday,3.74,21.52,0.4,Evening,62.895
Clear,0.74,,Weekday,3.05,105.71,0.35,Evening,74.58429999999998
,0.76,2.0,Weekday,2.37,113.33,0.4,Morning,70.6464
Clear,1.03,1.0,Weekday,3.91,38.26,0.38,Afternoon,60.92600000000001
Snow,1.27,4.0,Weekday,3.25,11.7,0.49,Night,19.4986
Clear,1.41,2.0,Weekday,,26.73,0.28,Evening,75.03649999999999
Clear,0.73,2.0,Weekday,2.48,34.54,0.38,Morning,40.3595
Clear,,4.0,Weekend,2.63,83.03,0.33,Night,46.2939
Snow,1.5,2.0,,2.99,31.71,0.1,Night,67.736
Clear,0.85,1.0,Weekend,,106.59,0.27,Afternoon,58.9648
Clear,0.91,1.0,Weekend,3.43,67.43,0.5,Morning,60.077
Clear,1.77,3.0,Weekend,4.6,86.95,0.11,Night,88.13279999999999
Clear,0.87,3.0,Weekday,2.25,98.29,0.3,,48.1365
Rain,1.92,2.0,Weekday,2.85,114.32,0.19,Afternoon,50.2412
Rain,0.99,3.0,,2.02,17.92,0.43,Morning,13.9727
Clear,,,Weekend,4.84,64.74,0.23,Afternoon,55.82120000000001
Clear,,1.0,Weekday,3.52,10.16,0.11,Morning,23.9563
Clear,0.65,4.0,,4.81,10.76,0.26,Afternoon,28.7716
Rain,1.38,2.0,Weekday,,105.78,0.33,Morning,43.0228
Rain,0.63,3.0,Weekday,2.29,29.7,0.27,Morning,23.0728
Clear,1.51,1.0,Weekday,,50.02,0.32,Afternoon,
Clear,1.95,4.0,Weekday,4.6,97.49,0.34,Afternoon,42.9921
Rain,1.06,3.0,Weekday,2.73,16.24,0.4,Evening,19.974400000000003
Snow,1.87,4.0,Weekday,2.52,77.86,0.49,Morning,128.6549
Clear,1.38,3.0,,4.52,57.56,0.35,,73.587
Rain,0.63,2.0,Weekend,2.23,64.07,0.12,Afternoon,30.9982
Clear,0.85,3.0,Weekday,3.48,97.94,0.31,Afternoon,39.4174
Clear,0.86,1.0,Weekday,3.63,28.43,0.19,Afternoon,36.0271
Clear,1.33,3.0,Weekday,3.25,36.34,0.3,Morning,54.1983
Clear,1.47,4.0,Weekend,4.02,23.88,0.45,Night,80.18099999999998
Rain,1.02,4.0,Weekend,3.61,57.23,0.42,Morning,53.2792
Clear,1.7,2.0,Weekday,2.27,101.76,0.14,Evening,99.5104
Snow,1.86,3.0,Weekday,4.21,97.47,0.35,Morning,107.7025
Clear,1.03,2.0,Weekend,4.74,15.0,0.22,Morning,37.086
Rain,1.68,3.0,Weekday,3.58,23.94,,Morning,48.835
Rain,1.9,1.0,Weekday,3.46,84.32,0.43,Afternoon,116.42059999999998
Rain,0.83,,,4.67,51.82,0.18,Morning,51.1318
Clear,0.99,1.0,Weekend,3.89,105.81,0.3,Afternoon,45.2855
Clear,0.74,1.0,Weekday,2.23,35.88,0.25,Evening,31.2318
Clear,0.9,3.0,Weekday,3.01,33.58,0.1,Morning,34.952
Rain,1.28,4.0,Weekend,2.12,56.93,0.23,Night,73.4155
Rain,1.14,2.0,Weekend,3.69,,0.14,Night,
Clear,1.78,1.0,Weekday,5.0,15.09,0.11,Morning,33.4311
Rain,0.63,4.0,Weekday,3.42,52.23,0.27,,41.544
Clear,1.56,3.0,Weekday,3.62,10.13,0.38,Afternoon,9.8718
Clear,0.82,1.0,Weekend,3.66,88.44,0.28,Morning,29.9812
Rain,1.86,4.0,Weekday,2.06,71.04,0.15,Morning,100.2662
,1.08,1.0,Weekday,4.51,56.54,0.43,Afternoon,33.8442
Clear,1.32,4.0,Weekday,2.87,54.4,0.31,Afternoon,55.1892
Clear,0.65,3.0,Weekday,3.26,31.8,0.2,Afternoon,30.446
Rain,0.84,2.0,Weekday,2.02,112.04,0.39,Evening,77.56840000000001
Snow,1.54,1.0,Weekend,,38.81,0.47,Morning,26.4327
Clear,0.78,2.0,Weekend,2.32,72.37,0.18,Afternoon,20.791
Clear,1.12,2.0,Weekday,4.27,82.54,0.3,Evening,53.056
Clear,0.79,2.0,Weekday,4.64,85.63,0.13,Afternoon,54.67150000000001
Clear,0.63,4.0,Weekend,2.56,65.42,0.19,Morning,25.662
,0.77,2.0,Weekday,2.11,90.19,0.2,Morning,56.7461
Clear,1.46,1.0,,2.93,16.33,0.43,Morning,77.40390000000001
Clear,1.62,4.0,Weekday,4.51,13.75,0.22,Evening,50.789
Clear,1.3,2.0,Weekday,2.01,80.61,0.15,Afternoon,38.9965
Snow,1.9,1.0,Weekday,2.33,,0.36,Afternoon,101.5506
Clear,0.62,2.0,Weekday,3.64,98.49,0.35,Evening,63.3579
Clear,1.49,2.0,Weekend,4.6,62.07,0.35,Afternoon,
Clear,1.92,4.0,Weekday,2.09,88.42,0.3,Afternoon,62.0624
Clear,0.88,1.0,Weekday,2.31,42.25,0.38,Afternoon,54.1018
,1.23,,Weekday,2.77,91.82,,Afternoon,36.6701
Rain,0.93,2.0,Weekday,4.27,61.64,0.23,Afternoon,29.9606
Clear,1.76,4.0,Weekday,3.89,31.51,0.2,Morning,92.6832
Clear,1.28,3.0,Weekday,2.81,42.48,0.26,Afternoon,69.9316
Rain,1.83,3.0,Weekend,4.33,63.09,0.19,Morning,72.553
Rain,1.81,4.0,Weekend,3.58,37.19,0.36,Evening,62.7976
Clear,,3.0,Weekday,3.36,34.15,0.37,Morning,20.0527
Rain,1.54,4.0,Weekday,2.43,43.75,0.14,Morning,29.5606
Clear,0.9,,Weekday,,80.8,0.5,Afternoon,85.88400000000001
Rain,1.26,2.0,Weekday,4.35,112.39,0.23,Afternoon,62.7959
Clear,0.53,3.0,Weekday,3.37,20.9,,Morning,17.662100000000002
Clear,0.65,1.0,Weekday,4.89,19.55,0.19,,29.0925
Rain,1.59,4.0,Weekend,2.58,23.53,0.28,Morning,52.7821
Clear,1.88,3.0,Weekend,3.99,,0.5,Evening,40.65
Clear,1.1,,Weekday,4.9,21.18,,Afternoon,56.05960000000001
Clear,1.15,2.0,,2.77,17.94,0.32,Evening,27.6353
Clear,1.57,3.0,Weekday,2.76,115.4,0.25,Night,41.014300000000006
Clear,1.9,3.0,Weekday,3.48,117.75,0.42,Morning,89.472
Clear,1.15,2.0,Weekday,4.68,84.35,0.16,,40.56649999999999
Rain,0.78,2.0,Weekday,3.51,96.01,0.35,Morning,70.8329
Clear,0.56,1.0,Weekday,4.62,69.89,0.43,Morning,46.61750000000001
Rain,1.94,1.0,Weekday,2.5,45.94,0.47,Night,
Clear,1.41,1.0,Weekday,,98.63,0.25,Evening,41.4372
Clear,1.87,1.0,Weekday,4.85,89.6,,Evening,48.0134
Clear,1.2,4.0,Weekday,3.31,114.14,0.15,Evening,46.639
Clear,1.07,4.0,Weekday,2.89,5.01,0.47,Afternoon,20.9951
Snow,1.14,4.0,Weekday,4.94,93.3,0.44,Evening,65.1668
Clear,1.86,,Weekday,2.05,39.98,,Morning,
Clear,1.31,4.0,Weekday,4.28,102.57,0.38,Evening,51.6275
Clear,1.9,,Weekday,4.1,57.45,0.28,Night,79.637
Clear,,3.0,Weekday,2.11,105.79,0.44,Evening,62.6572
Rain,0.69,2.0,Weekday,3.59,87.25,0.27,Morning,47.33
Rain,1.86,1.0,Weekday,4.55,8.33,0.42,,69.9494
Clear,1.03,3.0,Weekend,3.22,72.79,0.38,Night,77.18900000000001
Clear,1.85,1.0,Weekday,,71.86,0.15,Evening,102.885
Clear,0.56,4.0,Weekday,3.15,91.02,0.12,Afternoon,26.2692
Snow,0.85,2.0,Weekday,3.34,78.37,0.15,Evening,32.155
Clear,1.07,1.0,Weekday,4.95,64.12,0.37,Morning,45.1203
Rain,0.76,2.0,Weekend,2.25,60.53,0.2,Night,31.8132
Clear,0.9,4.0,Weekday,2.22,119.82,0.4,Morning,69.336
Snow,0.7,2.0,Weekend,3.21,55.94,0.26,Afternoon,20.2324
Clear,0.66,2.0,,3.62,62.17,0.43,Afternoon,48.3843
Clear,0.98,1.0,,4.86,13.64,0.2,Afternoon,44.6222
Rain,1.41,1.0,Weekend,2.27,64.53,0.19,Afternoon,73.86349999999999
Clear,1.56,,Weekend,2.39,13.03,0.17,,61.8883
Clear,1.0,4.0,Weekday,3.89,9.66,0.2,Afternoon,45.782
Clear,1.62,3.0,Weekday,3.08,90.14,0.15,Morning,
Clear,0.63,2.0,Weekday,4.67,39.27,0.27,Afternoon,22.7573
Rain,1.11,2.0,Weekend,2.63,51.91,0.16,Night,26.076
Clear,1.87,4.0,Weekend,3.33,,0.18,Evening,76.46470000000001
Clear,1.71,3.0,Weekday,3.97,22.79,0.46,Night,58.7766
Snow,1.23,4.0,Weekend,2.05,94.31,0.37,Night,44.6322
Clear,0.68,3.0,Weekend,2.63,13.69,0.33,Evening,8.6709
Rain,0.9,4.0,Weekday,4.63,63.82,0.25,Afternoon,
Clear,0.96,4.0,Weekday,3.33,84.95,0.49,Morning,64.0787
Clear,1.56,3.0,,3.79,79.89,0.29,Evening,66.9097
Clear,1.33,4.0,Weekday,3.65,42.63,0.44,Evening,75.4875
Rain,0.55,3.0,Weekend,4.43,45.41,0.3,Morning,21.6555
Clear,1.88,2.0,Weekday,3.95,82.93,0.33,Afternoon,104.2421
Rain,1.61,2.0,,2.93,74.66,0.37,Evening,59.7113
Clear,1.3,3.0,Weekday,2.86,58.01,0.41,Morning,68.2181
Rain,,2.0,Weekday,4.84,103.25,0.12,Evening,40.174
Rain,1.42,2.0,Weekday,2.86,,0.15,Afternoon,59.475
Clear,0.98,1.0,Weekday,4.75,87.41,0.36,Afternoon,54.49459999999999
Clear,1.81,4.0,Weekend,3.94,106.66,0.28,Morning,100.5938
Clear,0.69,3.0,Weekday,4.69,81.08,0.11,Morning,26.9741
Clear,0.93,4.0,Weekend,2.84,58.15,0.34,Evening,28.0701
Rain,0.95,2.0,Weekday,4.01,86.46,0.11,Morning,20.2751
Rain,1.31,4.0,Weekday,2.47,15.73,0.23,Morning,46.5931
Clear,,2.0,Weekend,2.49,97.64,0.42,Morning,57.075500000000005
Clear,1.34,1.0,Weekday,4.26,64.68,0.47,Morning,58.257000000000005
Clear,0.81,3.0,Weekend,2.76,,0.12,Evening,40.9716
Clear,0.88,3.0,Weekday,,87.35,0.44,Morning,81.572
Clear,0.78,2.0,Weekend,4.84,13.75,0.2,Morning,46.207800000000006
Rain,0.79,4.0,Weekend,3.63,58.02,0.37,Afternoon,29.055300000000003
Snow,1.94,1.0,Weekday,4.57,60.77,,Afternoon,124.2416
Clear,1.05,2.0,Weekday,4.06,7.26,0.46,Afternoon,39.4771
Clear,1.78,1.0,Weekday,4.92,109.33,0.46,Afternoon,105.9418
Clear,1.91,3.0,Weekday,3.61,55.74,0.42,Afternoon,42.1098
Clear,1.1,2.0,Weekday,4.14,110.59,0.45,Morning,56.688500000000005
Snow,1.01,2.0,Weekend,2.17,98.03,0.12,Morning,30.942000000000004
Clear,0.77,3.0,Weekend,2.72,20.16,0.33,Afternoon,23.279
,0.79,2.0,Weekday,4.97,111.3,0.33,Afternoon,
Clear,1.41,1.0,Weekday,3.4,105.98,,Afternoon,62.77850000000001
Clear,1.9,2.0,Weekend,4.88,78.31,0.38,Afternoon,78.85079999999999
Clear,1.05,3.0,Weekday,2.18,24.22,,Evening,31.6941
Clear,1.94,2.0,Weekday,3.15,26.43,0.31,Afternoon,54.6247
Clear,1.64,1.0,Weekend,4.5,51.65,0.35,Night,72.2695
Clear,1.5,1.0,Weekend,3.91,,0.32,Night,44.507000000000005
Clear,1.23,2.0,,4.46,62.79,0.16,Evening,
Clear,1.02,1.0,Weekday,4.55,113.92,0.41,,86.1412
Clear,0.92,2.0,Weekday,2.9,74.12,,Afternoon,72.356
Snow,1.36,2.0,Weekday,4.48,53.07,0.23,Morning,64.2861
Clear,1.52,3.0,Weekday,3.48,94.11,0.48,Evening,60.32639999999999
Clear,0.5,4.0,Weekday,4.92,77.83,0.11,Afternoon,32.2063
Clear,0.63,1.0,Weekday,3.93,88.31,0.16,Afternoon,328.8717691378544
Clear,1.82,1.0,Weekday,3.54,99.2,0.15,Night,66.6318
Clear,0.77,3.0,Weekday,2.7,70.04,0.24,Night,54.436800000000005
Rain,1.25,2.0,Weekday,2.72,49.77,0.24,Morning,59.1773
Clear,1.16,4.0,Weekend,3.87,75.63,0.47,Afternoon,46.6313
Clear,1.17,1.0,Weekday,4.21,80.58,0.3,Afternoon,32.151399999999995
Rain,1.12,3.0,Weekend,2.82,56.65,0.38,Evening,27.4942
Clear,1.84,2.0,Weekday,2.32,108.44,0.24,Afternoon,81.9816
Rain,1.43,2.0,,4.14,15.13,,Afternoon,33.2741
Clear,1.09,4.0,Weekday,4.2,,0.18,Evening,66.1816
Clear,0.82,2.0,Weekday,3.55,38.42,0.44,Afternoon,42.398
Clear,1.77,4.0,Weekday,4.42,114.93,0.21,Morning,56.716
Clear,1.92,1.0,Weekend,4.9,51.47,0.13,Morning,
Clear,1.59,2.0,Weekday,2.05,70.14,0.48,Afternoon,82.3678
Rain,1.55,,Weekday,3.84,19.2,0.41,Afternoon,39.9065
Clear,1.37,4.0,Weekday,2.84,106.41,0.39,Afternoon,69.6575
Rain,1.53,1.0,Weekday,3.02,61.11,0.33,Morning,38.348600000000005
Rain,0.89,2.0,Weekday,2.3,74.77,0.12,Afternoon,26.1176
Clear,1.25,1.0,Weekday,3.79,40.52,0.45,Afternoon,46.274
Clear,1.71,1.0,,4.74,42.04,0.38,Afternoon,94.3478
Clear,1.56,1.0,Weekday,3.36,81.37,0.19,Morning,
Rain,1.54,3.0,Weekend,2.8,112.84,,Afternoon,84.3528
Rain,1.21,3.0,Weekday,3.58,27.99,0.22,Afternoon,69.1972
Clear,0.79,4.0,Weekend,4.01,43.3,0.25,Afternoon,16.525599999999997
,1.72,2.0,Weekend,3.08,39.71,0.44,Afternoon,84.4676
Snow,1.09,3.0,Weekend,2.17,72.04,0.19,Afternoon,64.7223
Clear,1.01,3.0,Weekend,3.79,59.73,0.17,Evening,25.1652
Rain,0.9,1.0,Weekend,3.46,29.64,0.12,Afternoon,20.3458
Rain,1.45,3.0,Weekday,3.76,76.53,0.18,Afternoon,59.87539999999999
Rain,0.88,2.0,Weekday,,66.77,0.39,Morning,59.92869999999999
Clear,1.9,4.0,Weekend,4.88,59.08,0.38,Afternoon,108.9734
Rain,1.08,,Weekday,4.16,119.65,0.31,Evening,45.31230000000001
Clear,0.86,1.0,Weekday,2.12,15.33,0.37,Night,35.8539
Clear,0.51,1.0,Weekday,,71.54,0.3,Morning,
Rain,1.16,2.0,Weekday,2.41,16.0,0.38,Morning,20.1596
Clear,1.34,4.0,Weekday,4.18,108.49,0.12,Morning,71.2142
Clear,,1.0,Weekday,2.34,97.35,0.41,Morning,64.05529999999999
Clear,1.07,1.0,Weekday,4.89,44.17,0.25,Afternoon,25.5304
Rain,1.84,3.0,Weekday,3.85,68.73,0.24,Morning,30.318
Clear,1.25,3.0,Weekday,2.63,110.47,0.44,Night,58.6618
Clear,1.92,4.0,Weekend,3.17,75.09,0.21,Morning,28.7693
Clear,,3.0,Weekend,2.45,87.85,0.4,Evening,86.5536
Clear,,3.0,Weekend,4.34,29.69,0.23,Morning,45.44370000000001
Clear,1.45,1.0,Weekend,,27.05,0.27,Morning,
Clear,0.67,3.0,Weekday,3.71,53.16,0.17,Evening,44.733
Rain,1.94,2.0,Weekend,3.77,45.28,0.1,Morning,16.834
Snow,1.49,2.0,Weekday,4.81,70.7,0.27,Evening,41.71940000000001
Snow,1.12,3.0,Weekday,4.83,87.5,0.41,Afternoon,79.71459999999999
Rain,1.64,2.0,Weekday,4.53,7.73,,,66.039
Clear,1.24,1.0,Weekday,2.79,48.93,0.26,Morning,45.2346
Clear,1.63,,Weekday,2.44,36.57,,Afternoon,83.694
Clear,0.74,2.0,Weekday,3.81,110.82,0.25,Morning,248.29520891209057
Clear,1.05,1.0,Weekday,3.31,83.21,0.36,,64.7971
Clear,1.94,4.0,Weekend,2.96,42.3,0.26,Morning,32.7178
Clear,1.26,1.0,Weekday,3.35,16.46,0.26,Afternoon,58.6974
Clear,0.63,3.0,Weekend,2.06,75.4,0.45,Evening,41.30720000000001
Clear,1.65,1.0,Weekday,3.74,67.5,0.31,Morning,33.344
Rain,1.63,1.0,Weekend,3.72,100.12,0.28,,110.2544
Rain,1.62,1.0,Weekend,3.74,,0.3,Evening,66.566
Snow,1.03,4.0,Weekday,2.73,49.45,0.41,Evening,49.1871
Clear,,2.0,Weekday,4.94,14.65,0.35,Night,53.0315
Snow,1.92,1.0,Weekday,2.04,34.0,,Morning,59.0736
Clear,0.91,2.0,Weekend,2.56,24.45,0.42,Morning,32.985499999999995
Clear,1.29,1.0,Weekday,,21.54,0.12,Afternoon,15.0994
Clear,1.52,3.0,Weekday,3.11,102.92,0.43,Afternoon,83.7848
Rain,1.48,2.0,Weekday,2.21,109.57,,Afternoon,59.2055
Clear,1.28,2.0,Weekday,4.76,73.92,0.47,Afternoon,61.8896
,1.25,3.0,Weekday,3.0,63.08,0.23,Morning,45.5584
Rain,1.66,1.0,Weekday,,82.76,0.5,Evening,102.3316
Clear,0.71,1.0,Weekday,3.45,38.49,0.2,Evening,38.6747
Clear,,4.0,Weekday,4.44,79.64,0.24,Morning,38.0619
Clear,1.46,3.0,Weekend,2.2,81.33,0.13,,23.3579
Clear,1.43,2.0,Weekday,2.51,53.63,0.39,Evening,52.6406
Clear,1.98,3.0,Weekend,4.8,16.49,0.22,Night,60.7394
Clear,1.66,1.0,Weekend,2.31,41.02,0.32,Night,70.5816
Clear,0.63,2.0,Weekday,3.5,59.81,0.23,Morning,23.694900000000004
Rain,1.5,2.0,Weekday,2.56,9.0,0.23,Morning,14.935
Clear,1.39,4.0,Weekday,2.39,104.56,0.46,Afternoon,69.9337
Clear,1.22,,Weekend,2.49,64.4,0.29,Evening,23.3132
Clear,1.05,1.0,Weekend,2.8,,0.42,Afternoon,49.5082
Clear,1.81,3.0,Weekday,4.73,59.25,0.3,Afternoon,
Clear,1.65,3.0,Weekend,2.61,72.29,0.12,Morning,22.4883
Clear,1.57,2.0,Weekday,3.52,64.51,0.16,Afternoon,26.1975
Clear,1.83,2.0,,,103.37,0.42,Evening,129.5356
Clear,0.65,1.0,Weekend,2.51,97.69,0.11,,31.3844
Clear,1.5,4.0,Weekday,2.47,84.05,0.4,Morning,55.86
Clear,1.84,2.0,Weekday,3.05,35.48,0.21,Afternoon,39.4624
Snow,1.47,1.0,Weekend,2.1,48.69,0.27,Evening,76.48649999999999
Clear,,2.0,Weekday,4.33,73.27,0.44,Morning,
Clear,0.57,2.0,Weekend,4.64,111.87,,Afternoon,34.5791
Clear,0.79,3.0,Weekday,4.94,39.09,0.36,Evening,49.3168
Clear,0.82,1.0,Weekday,2.67,114.94,0.17,Morning,61.209
Clear,1.55,2.0,Weekday,2.27,83.98,0.4,Morning,76.20850000000002
Clear,1.81,4.0,Weekday,3.96,43.66,0.4,Afternoon,36.5375
Rain,0.88,1.0,Weekend,4.57,91.7,0.24,Night,54.3684
Clear,0.57,3.0,Weekend,2.5,,0.48,Morning,65.9479
,0.88,3.0,Weekday,2.5,,0.49,Morning,
Clear,1.29,2.0,Weekday,2.49,59.81,0.21,Evening,21.7323
Clear,0.89,4.0,Weekend,2.17,36.16,0.27,Morning,
Clear,1.75,3.0,Weekend,3.13,34.03,0.17,Afternoon,90.7801
Clear,1.92,1.0,Weekend,2.22,70.61,0.13,Afternoon,58.59289999999999
Snow,0.74,3.0,Weekday,4.81,82.21,0.14,Evening,
Clear,1.32,3.0,Weekend,3.71,28.19,0.32,Evening,72.13080000000001
Rain,1.9,3.0,,3.74,46.08,0.48,Evening,43.8894
Clear,1.96,4.0,Weekday,,66.5,0.2,Afternoon,51.03
Clear,0.8,3.0,Weekday,4.13,105.33,0.31,Morning,74.8463
Rain,1.94,3.0,Weekday,2.15,20.5,0.14,Morning,62.7544
Clear,,3.0,Weekday,4.78,79.94,0.5,Night,
Rain,,1.0,Weekday,2.22,71.5,0.2,Afternoon,37.17
Clear,,3.0,Weekday,3.58,59.14,0.26,Morning,60.0471
Clear,1.05,2.0,Weekend,4.17,113.49,0.11,Morning,53.550900000000006
Clear,0.82,4.0,Weekday,2.59,,0.12,Morning,50.7312
Clear,1.25,2.0,Weekday,3.65,6.72,0.49,,62.8678
Clear,0.94,3.0,Weekday,3.55,14.64,,Afternoon,35.0564
Clear,0.8,4.0,Weekday,4.17,96.08,0.5,Afternoon,63.93
Clear,1.32,3.0,Weekday,3.27,13.15,0.12,Evening,34.376400000000004
Clear,1.14,4.0,Weekend,2.08,113.99,0.23,Afternoon,
Rain,1.73,4.0,Weekend,2.15,7.35,0.31,Afternoon,25.4826
Clear,,3.0,Weekend,3.88,50.78,0.17,Evening,29.4758
Rain,1.66,4.0,Weekday,3.51,5.05,,Afternoon,11.2645
,0.86,2.0,,3.02,24.61,0.39,Evening,29.8609
Clear,0.58,1.0,Weekday,3.87,77.08,0.5,Afternoon,68.4404
Clear,0.6,3.0,Weekday,4.05,84.0,0.3,,35.964
Clear,1.23,1.0,Weekday,4.81,64.42,,Afternoon,62.89040000000001
,1.41,4.0,Weekday,4.74,105.47,0.4,Evening,76.5803
,0.93,3.0,,3.3,99.33,0.11,Afternoon,33.4215
Rain,1.9,4.0,Weekend,3.97,33.99,0.1,Morning,62.982
Clear,1.11,4.0,Weekday,4.77,67.1,0.49,Afternoon,72.9137
Clear,1.79,2.0,Weekday,4.15,93.07,0.35,Afternoon,78.1988
Clear,0.78,3.0,Weekday,3.4,43.84,0.45,Evening,52.0972
Clear,0.9,2.0,Weekend,3.29,21.83,0.38,Afternoon,20.2164
Clear,0.87,3.0,Weekday,4.46,119.21,0.46,Morning,99.8038
Rain,1.35,1.0,Weekday,4.9,39.9,,Evening,69.99549999999999
Clear,1.66,4.0,Weekday,2.5,28.35,0.19,Morning,45.2531
Rain,1.62,3.0,Weekend,2.27,80.78,,Night,52.9882
Clear,0.96,2.0,Weekday,2.64,74.71,0.29,Night,66.5363
Clear,1.42,1.0,Weekday,,23.11,0.48,Night,19.2572
Clear,0.74,3.0,Weekday,4.03,49.37,0.14,Afternoon,18.7636
Clear,1.66,1.0,Weekday,2.51,96.76,0.39,Afternoon,74.2598
Clear,1.24,3.0,Weekday,3.07,66.1,0.28,Morning,32.2544
Rain,1.63,3.0,Weekday,2.83,93.78,0.31,Afternoon,37.1504
Clear,1.47,3.0,Weekday,3.13,91.88,0.42,Evening,102.72459999999998
Rain,0.98,2.0,Weekday,4.05,15.12,0.3,,13.0646
Clear,1.53,3.0,Weekday,3.38,66.51,0.2,Morning,78.18800000000002
