Energy Consumption,Average Temperature,Day of Week,Building Type,Square Footage
4543.67,21.16,Weekend,Residential,32389
5343.05,13.05,Weekend,Commercial,40166
3403.93,25.8,Weekend,Commercial,6859
3028.56,12.11,Weekend,Residential,11182
5225.35,13.31,Weekday,Residential,49438
4070.21,17.35,Weekday,Residential,19139
3471.43,22.35,Weekend,Residential,18264
6493.48,12.92,Weekday,Industrial,45162
4494.99,32.39,Weekend,Residential,35339
4812.15,31.95,Weekday,Industrial,41238
3109.29,11.8,Weekend,Industrial,9166
3424.66,32.11,Weekday,Commercial,28904
3859.59,20.96,Weekend,Residential,27088
4243.36,28.05,Weekday,Industrial,21672
2842.91,19.48,Weekday,Residential,8406
4276.15,32.54,Weekday,Industrial,21177
4611.73,20.46,Weekend,Industrial,30281
3290.94,20.27,Weekday,Residential,9446
5088.21,31.58,Weekend,Industrial,20522
4413.74,33.96,Weekday,Commercial,16871
4828.19,24.14,Weekend,Commercial,47178
5367.9,15.43,Weekend,Industrial,35301
4251.16,10.42,Weekend,Residential,45465
6228.54,15.8,Weekend,Industrial,49151
6458.51,15.67,Weekday,Industrial,48337
5008.0,25.7,Weekend,Industrial,37930
2996.99,21.32,Weekday,Commercial,4472
3928.35,33.06,Weekday,Commercial,18273
3157.54,29.31,Weekday,Industrial,9282
3867.72,25.98,Weekend,Commercial,21952
5961.49,11.94,Weekday,Industrial,48424
2656.26,23.67,Weekday,Residential,2692
5097.96,12.86,Weekday,Industrial,28645
4172.08,33.11,Weekend,Residential,32153
3522.9,20.74,Weekday,Residential,28132
3837.78,23.73,Weekend,Residential,30129
4588.3,11.25,Weekend,Industrial,22091
4411.53,18.67,Weekend,Residential,41498
4698.47,25.31,Weekend,Residential,38500
4092.14,16.37,Weekend,Commercial,22680
4612.22,28.85,Weekday,Industrial,19529
5473.98,27.39,Weekend,Commercial,34219
3916.99,26.73,Weekend,Commercial,13213
4779.18,31.98,Weekday,Residential,48382
3689.04,14.25,Weekend,Commercial,11206
4015.07,33.62,Weekend,Commercial,22063
6530.6,11.05,Weekend,Industrial,47117
3510.52,23.8,Weekend,Residential,23390
4969.79,11.1,Weekday,Commercial,43506
4330.61,16.24,Weekend,Residential,34036
3882.94,10.34,Weekday,Commercial,12093
2989.05,20.83,Weekday,Residential,8064
3332.69,23.29,Weekday,Commercial,11583
3141.67,18.76,Weekend,Residential,13909
4724.76,15.79,Weekday,Commercial,17274
4659.4,29.6,Weekday,Commercial,46148
5711.22,11.14,Weekday,Industrial,37938
2109.01,26.19,Weekday,Residential,1399
5032.83,31.31,Weekend,Commercial,48788
5432.11,32.79,Weekend,Industrial,32321
4763.57,15.37,Weekend,Industrial,16208
4560.05,33.73,Weekend,Commercial,24374
5247.04,27.14,Weekday,Residential,42255
2495.93,22.76,Weekday,Residential,6395
4205.07,17.8,Weekday,Commercial,33281
2728.63,17.72,Weekend,Residential,8745
5693.96,29.85,Weekend,Industrial,48864
3540.45,15.09,Weekend,Commercial,4518
2514.4,33.21,Weekday,Residential,5609
5043.32,21.62,Weekend,Industrial,27428
2815.34,31.08,Weekend,Residential,20415
3542.19,29.07,Weekday,Industrial,15751
1915.37,26.17,Weekend,Residential,3724
3798.62,25.59,Weekday,Commercial,26931
2020.15,30.62,Weekend,Residential,7065
3964.54,26.8,Weekend,Commercial,28571
3621.53,24.99,Weekend,Residential,29930
2451.63,20.11,Weekend,Residential,11844
2875.48,16.95,Weekday,Commercial,605
4354.25,13.9,Weekday,Commercial,20475
2482.94,29.99,Weekend,Residential,15858
3246.71,24.93,Weekday,Commercial,17827
4298.92,18.68,Weekday,Residential,49646
3487.69,11.19,Weekend,Residential,28673
2807.29,34.79,Weekend,Commercial,2425
5048.34,14.12,Weekend,Commercial,37179
4036.12,18.62,Weekday,Residential,35384
4339.55,11.07,Weekday,Commercial,37698
3651.6,18.4,Weekday,Commercial,20672
4242.17,19.67,Weekday,Residential,24010
4576.47,19.54,Weekday,Industrial,7283
4414.12,25.81,Weekend,Commercial,24863
4027.56,10.08,Weekday,Industrial,7559
4003.79,10.33,Weekend,Residential,21109
4608.27,24.39,Weekend,Commercial,38404
5050.37,21.63,Weekend,Industrial,28970
4288.58,16.33,Weekend,Commercial,9205
4034.64,23.67,Weekend,Industrial,24660
5040.46,20.69,Weekend,Industrial,20478
4847.12,28.41,Weekday,Residential,32383
4930.94,14.3,Weekend,Commercial,42449
4757.71,13.61,Weekend,Industrial,22515
5568.44,16.96,Weekend,Commercial,39065
2619.36,25.03,Weekday,Residential,2490
3885.13,30.51,Weekday,Residential,12754
3377.38,29.5,Weekend,Residential,15898
5866.63,30.03,Weekday,Industrial,35136
4363.89,23.56,Weekday,Industrial,17834
3419.14,21.37,Weekend,Industrial,3520
3663.21,12.19,Weekday,Commercial,9283
4253.4,32.04,Weekday,Residential,36272
3496.99,19.58,Weekend,Industrial,2698
4839.29,24.03,Weekday,Residential,49189
3947.63,20.88,Weekend,Commercial,11041
2868.84,10.25,Weekend,Residential,11802
3384.78,19.76,Weekday,Commercial,26672
4116.88,27.65,Weekday,Residential,46903
5481.27,31.79,Weekend,Residential,47804
3891.86,26.37,Weekend,Commercial,25074
4726.97,24.16,Weekday,Residential,47555
3027.78,17.91,Weekend,Residential,10347
4620.93,32.11,Weekend,Residential,33630
5338.19,22.99,Weekday,Industrial,46663
4443.15,24.33,Weekend,Commercial,32696
5542.74,34.18,Weekend,Industrial,38073
3741.64,21.77,Weekend,Residential,22010
4849.54,18.84,Weekend,Industrial,32075
5260.26,22.81,Weekday,Commercial,45686
5327.65,10.05,Weekday,Industrial,38758
4329.5,23.97,Weekend,Industrial,28587
4254.59,29.41,Weekend,Commercial,20433
3708.08,31.57,Weekday,Industrial,7319
3903.29,31.53,Weekday,Commercial,9019
5809.3,33.1,Weekday,Commercial,41696
4160.27,28.79,Weekend,Residential,27484
3799.24,17.39,Weekend,Residential,27924
5841.65,13.08,Weekday,Industrial,29741
4468.57,15.46,Weekend,Commercial,26517
4676.25,22.92,Weekday,Commercial,25417
3699.87,34.74,Weekend,Industrial,11671
3818.71,16.35,Weekday,Commercial,16809
5794.83,28.14,Weekend,Commercial,40911
3976.81,25.14,Weekday,Commercial,25650
4563.58,13.93,Weekend,Commercial,44665
3146.62,31.5,Weekend,Industrial,11882
3513.31,25.4,Weekday,Residential,27806
4018.05,26.75,Weekend,Commercial,12036
4082.56,29.52,Weekend,Residential,20603
4642.27,11.75,Weekday,Residential,43020
4558.07,20.5,Weekday,Commercial,23411
4090.65,32.62,Weekend,Residential,33475
5744.99,16.72,Weekday,Commercial,44372
3566.01,15.39,Weekend,Residential,30259
4684.93,29.32,Weekend,Industrial,41631
5020.9,16.69,Weekday,Residential,32487
5209.3,23.3,Weekday,Industrial,34516
5272.15,18.34,Weekend,Industrial,34677
4310.82,19.8,Weekend,Industrial,19596
4736.14,21.25,Weekend,Commercial,37648
3372.2,34.94,Weekday,Commercial,7138
4922.36,33.33,Weekday,Commercial,45580
5164.94,29.34,Weekday,Commercial,34433
4276.66,27.93,Weekday,Residential,46526
4136.67,23.38,Weekday,Industrial,18271
4561.71,29.4,Weekday,Residential,49374
3196.17,19.96,Weekday,Industrial,1119
4302.81,29.05,Weekend,Industrial,23361
5781.83,32.82,Weekend,Industrial,47719
3234.06,19.24,Weekday,Residential,18405
4504.67,21.08,Weekend,Commercial,35201
2685.54,17.75,Weekend,Residential,18086
3655.82,31.72,Weekend,Residential,28288
3907.03,24.55,Weekend,Residential,28196
5422.98,27.13,Weekend,Industrial,42373
2724.62,18.33,Weekday,Residential,4925
4278.0,20.37,Weekend,Commercial,18797
2170.7,12.87,Weekday,Residential,9101
5744.86,12.07,Weekday,Commercial,39504
3563.67,27.87,Weekday,Industrial,7460
5168.99,17.31,Weekday,Industrial,31311
4687.39,29.06,Weekend,Residential,32654
4363.9,19.06,Weekend,Industrial,32784
2948.69,24.71,Weekend,Residential,1045
4616.98,28.56,Weekday,Commercial,32396
6069.51,16.56,Weekday,Industrial,36446
4616.56,28.28,Weekday,Commercial,29759
2727.89,22.82,Weekday,Commercial,7040
2667.44,32.04,Weekend,Commercial,5353
4977.79,25.43,Weekend,Industrial,26899
5237.3,32.78,Weekday,Commercial,41624
4831.96,25.41,Weekend,Industrial,34580
3432.74,12.59,Weekend,Industrial,1114
3516.18,26.97,Weekday,Residential,33421
3078.96,16.16,Weekend,Residential,21195
4195.75,20.07,Weekend,Industrial,16922
4901.86,18.88,Weekend,Residential,40325
4277.54,22.06,Weekend,Commercial,10957
2726.13,15.1,Weekday,Residential,4633
3985.8,25.27,Weekday,Commercial,26643
4600.3,18.63,Weekend,Industrial,29269
4684.16,18.96,Weekday,Industrial,23779
3855.63,11.29,Weekday,Industrial,19842
3776.21,13.6,Weekday,Residential,10484
5340.39,15.27,Weekend,Industrial,41735
4218.29,10.14,Weekend,Residential,48780
3984.2,32.58,Weekend,Residential,22542
3598.99,20.89,Weekend,Industrial,16869
3496.82,13.77,Weekday,Residential,32913
4214.3,15.38,Weekend,Industrial,11224
5074.24,16.0,Weekday,Industrial,32085
4361.43,20.4,Weekend,Residential,45069
4245.53,26.35,Weekend,Commercial,35546
2733.45,21.34,Weekday,Residential,10403
3525.66,29.34,Weekday,Residential,14047
3900.33,12.28,Weekend,Industrial,14635
5107.0,18.76,Weekend,Industrial,23616
4367.45,23.09,Weekend,Commercial,27458
3657.53,14.63,Weekend,Residential,37614
4682.44,21.08,Weekend,Commercial,27157
3388.25,15.1,Weekend,Residential,14075
3114.61,12.36,Weekday,Commercial,2328
3256.52,25.08,Weekday,Industrial,4238
3546.62,12.46,Weekend,Commercial,16978
3494.52,15.66,Weekend,Commercial,1456
3915.71,10.9,Weekend,Commercial,16004
4693.8,20.62,Weekend,Commercial,48338
4874.53,15.01,Weekday,Industrial,26792
5082.68,15.87,Weekday,Commercial,45641
3080.67,22.67,Weekend,Residential,10880
3030.38,24.72,Weekday,Industrial,2480
4449.66,29.67,Weekday,Residential,44960
5002.91,28.11,Weekday,Industrial,30469
2683.73,16.24,Weekend,Commercial,5099
3958.7,29.42,Weekend,Commercial,11316
2972.61,26.29,Weekend,Residential,21081
4036.68,19.41,Weekday,Commercial,17675
4787.64,32.25,Weekday,Industrial,31178
4805.17,22.06,Weekday,Industrial,44909
4208.74,17.84,Weekday,Residential,31159
5746.4,17.6,Weekday,Residential,49488
4628.8,33.51,Weekday,Industrial,21927
3161.9,23.55,Weekday,Commercial,10593
4517.48,20.88,Weekday,Residential,49638
3396.51,15.67,Weekday,Industrial,4297
5867.13,20.95,Weekday,Commercial,45238
3509.87,16.99,Weekend,Commercial,10896
3601.86,28.34,Weekday,Industrial,5471
3909.07,28.7,Weekend,Commercial,25451
5571.47,11.52,Weekday,Industrial,47181
3965.87,28.33,Weekend,Industrial,19350
4212.08,34.79,Weekday,Commercial,24321
3844.62,15.03,Weekend,Commercial,24395
4149.49,15.5,Weekday,Commercial,23540
4366.0,17.83,Weekday,Commercial,25503
2914.3,21.39,Weekday,Residential,16025
3448.03,25.42,Weekday,Commercial,13303
2347.37,34.06,Weekday,Residential,17153
3299.75,10.16,Weekend,Commercial,9211
2660.28,20.14,Weekend,Residential,1620
4091.56,22.54,Weekend,Residential,36685
3699.65,13.89,Weekend,Commercial,10382
4336.02,26.94,Weekday,Industrial,17014
4184.21,21.27,Weekday,Industrial,7811
5101.13,18.51,Weekday,Residential,42474
4026.33,27.33,Weekday,Industrial,14260
2797.21,20.59,Weekend,Residential,5203
2342.32,27.57,Weekday,Residential,11803
3208.59,30.91,Weekend,Commercial,16063
4988.44,15.4,Weekday,Residential,41309
5101.01,14.99,Weekday,Industrial,23519
4640.37,16.73,Weekday,Residential,37880
4114.7,10.63,Weekday,Commercial,13357
4504.03,25.09,Weekend,Industrial,32390
5007.9,31.74,Weekday,Industrial,32732
3010.22,14.57,Weekend,Commercial,12061
3171.27,31.36,Weekday,Commercial,13761
3883.46,32.59,Weekend,Residential,47328
2342.38,20.76,Weekday,Residential,13724
5358.22,21.1,Weekend,Industrial,40474
3066.15,12.69,Weekend,Residential,26392
3375.62,11.14,Weekend,Residential,1026
3392.31,25.66,Weekday,Residential,9212
3835.0,12.33,Weekday,Industrial,4533
5565.67,10.13,Weekday,Industrial,33726
3593.42,28.71,Weekday,Residential,33539
4315.75,31.63,Weekend,Commercial,29878
4475.56,10.29,Weekend,Residential,46740
3101.02,30.67,Weekday,Residential,13487
4640.78,27.03,Weekday,Commercial,32919
4997.78,25.76,Weekday,Industrial,35332
4923.27,22.15,Weekend,Industrial,28880
4944.4,11.92,Weekday,Industrial,37880
2130.26,24.75,Weekday,Residential,3880
4318.82,28.98,Weekend,Industrial,15874
3534.74,26.56,Weekday,Commercial,13151
4546.15,10.2,Weekday,Residential,38743
2769.99,21.49,Weekend,Industrial,3749
3106.77,14.36,Weekend,Residential,18771
4090.2,27.22,Weekday,Residential,29926
2457.6,20.5,Weekday,Residential,802
3514.09,18.44,Weekday,Industrial,6126
1683.95,29.34,Weekday,Residential,2613
2086.62,15.09,Weekend,Residential,1841
3240.14,23.33,Weekday,Commercial,8936
4745.47,24.42,Weekday,Commercial,48351
3897.02,31.82,Weekday,Industrial,2122
4722.68,17.34,Weekend,Residential,35988
5214.85,32.04,Weekday,Industrial,38501
5454.74,14.96,Weekend,Industrial,25791
5212.64,14.13,Weekend,Commercial,47266
3612.86,11.06,Weekend,Commercial,15163
4103.69,30.72,Weekend,Industrial,9146
3437.53,22.23,Weekday,Residential,22374
4518.97,30.45,Weekend,Residential,36624
3893.95,25.63,Weekend,Commercial,12842
6041.7,26.67,Weekday,Industrial,43501
3305.06,15.93,Weekend,Commercial,20494
3350.06,19.04,Weekday,Residential,7505
3762.71,24.24,Weekend,Residential,25078
4808.64,11.13,Weekday,Residential,42286
4748.66,12.47,Weekday,Commercial,33620
3214.88,13.55,Weekend,Commercial,14653
3435.18,29.68,Weekend,Residential,34072
4172.29,27.44,Weekday,Residential,32390
2966.16,13.16,Weekday,Residential,12439
3949.4,13.99,Weekday,Residential,40787
2716.66,23.22,Weekday,Residential,18655
4483.83,14.17,Weekday,Residential,49094
5472.2,29.42,Weekend,Industrial,44986
3787.26,22.34,Weekday,Commercial,20579
2883.63,29.55,Weekend,Residential,15828
4649.88,15.42,Weekday,Residential,42740
5132.23,28.5,Weekend,Commercial,31695
4318.61,11.3,Weekend,Commercial,27702
4506.27,24.54,Weekday,Residential,48979
4922.82,10.4,Weekday,Residential,35696
5359.38,14.5,Weekday,Commercial,49038
4891.8,29.5,Weekday,Residential,46786
3121.19,30.56,Weekend,Commercial,5280
4464.55,17.72,Weekend,Residential,42063
4348.86,17.14,Weekend,Commercial,25291
4736.66,30.09,Weekend,Commercial,35942
5637.13,30.84,Weekend,Industrial,47827
4688.81,32.4,Weekday,Industrial,21616
3437.1,22.83,Weekend,Residential,8625
2744.38,10.33,Weekday,Commercial,2921
2864.63,20.28,Weekend,Commercial,13721
4498.07,23.69,Weekday,Residential,39530
5600.03,11.73,Weekday,Industrial,43374
4495.21,15.33,Weekend,Commercial,27237
4103.09,14.98,Weekday,Commercial,25360
4390.91,12.25,Weekend,Residential,46243
4854.4,21.32,Weekday,Industrial,33820
3926.61,14.78,Weekday,Residential,31610
2532.88,10.51,Weekday,Residential,7509
5031.14,22.45,Weekend,Residential,45868
4852.28,15.33,Weekend,Commercial,44379
3891.12,13.56,Weekend,Commercial,9578
5437.17,33.71,Weekend,Industrial,47914
2631.16,33.72,Weekend,Residential,5795
3297.91,27.42,Weekday,Commercial,9700
5018.25,23.7,Weekday,Commercial,35935
5662.27,14.79,Weekday,Industrial,39724
5206.34,25.38,Weekday,Commercial,47265
3634.65,19.62,Weekday,Commercial,12055
4209.18,15.79,Weekday,Industrial,4763
4881.83,10.39,Weekend,Industrial,27876
4566.41,24.3,Weekend,Industrial,24558
4102.94,27.49,Weekend,Residential,48408
3751.05,21.36,Weekend,Commercial,24357
2512.1,23.74,Weekend,Residential,10416
2961.76,15.55,Weekday,Commercial,4590
3555.64,22.5,Weekend,Residential,19563
4934.8,23.64,Weekend,Commercial,41860
3012.32,10.37,Weekend,Commercial,3483
5428.56,33.43,Weekend,Industrial,34914
4232.44,32.48,Weekday,Residential,33897
3115.68,27.75,Weekday,Commercial,3889
4537.9,11.87,Weekday,Residential,49345
3093.71,23.52,Weekend,Industrial,626
3753.31,31.24,Weekday,Commercial,6590
4155.74,32.29,Weekday,Residential,42344
4169.39,19.1,Weekend,Industrial,14098
3253.47,21.06,Weekday,Residential,17775
3229.31,31.2,Weekday,Residential,5306
2622.38,34.47,Weekday,Residential,10895
3991.89,24.93,Weekday,Commercial,22931
3103.65,12.19,Weekend,Commercial,22092
3728.69,27.82,Weekend,Residential,30356
1787.0,28.84,Weekend,Residential,2024
5262.76,21.74,Weekend,Industrial,29029
4958.57,32.46,Weekday,Industrial,48017
3710.69,12.89,Weekend,Industrial,12503
3064.11,23.3,Weekend,Residential,26212
4729.67,15.16,Weekend,Residential,38109
5329.29,30.7,Weekend,Residential,49256
5102.49,27.6,Weekday,Residential,39610
5147.4,19.9,Weekday,Residential,48138
5471.43,16.78,Weekend,Industrial,42707
4549.59,30.0,Weekend,Commercial,40192
2372.16,29.63,Weekday,Commercial,2606
3525.79,17.02,Weekend,Commercial,12418
4804.46,25.77,Weekday,Commercial,22066
5753.93,21.87,Weekend,Industrial,37266
4750.37,32.92,Weekday,Industrial,14699
6383.5,24.87,Weekday,Industrial,47557
3446.15,34.76,Weekend,Industrial,5799
3765.06,29.94,Weekend,Residential,34095
5177.22,17.62,Weekend,Commercial,38506
3423.63,31.4,Weekend,Commercial,15813
4274.73,11.66,Weekend,Residential,31061
3202.5,26.98,Weekend,Commercial,5148
3679.96,12.58,Weekend,Industrial,5257
2599.86,33.63,Weekend,Commercial,560
3518.13,10.62,Weekend,Residential,29625
5754.96,29.54,Weekday,Industrial,49653
4741.16,16.79,Weekend,Industrial,29902
4370.89,33.38,Weekend,Commercial,19756
4116.32,28.24,Weekday,Residential,34950
3279.17,11.92,Weekday,Commercial,13375
2788.49,19.89,Weekend,Residential,15359
2696.49,22.51,Weekday,Commercial,781
4271.39,34.54,Weekday,Industrial,12682
6084.9,27.26,Weekend,Industrial,42824
3342.21,23.67,Weekend,Residential,35611
2365.5,33.58,Weekday,Commercial,1468
3519.59,28.28,Weekday,Commercial,22020
2786.93,28.73,Weekday,Residential,12612
3547.29,32.88,Weekend,Residential,37834
4087.05,12.86,Weekend,Residential,22227
3002.83,29.52,Weekday,Residential,18809
2864.42,27.42,Weekday,Commercial,9630
3952.58,18.49,Weekday,Residential,43701
3201.55,15.25,Weekend,Residential,28356
4947.78,29.33,Weekday,Industrial,27089
5151.75,22.84,Weekend,Industrial,31919
5660.75,32.83,Weekday,Industrial,35698
4496.55,13.9,Weekend,Residential,26321
3750.37,20.35,Weekend,Residential,34242
3195.8,33.46,Weekend,Commercial,11862
5407.04,17.14,Weekend,Industrial,26655
2443.16,12.1,Weekday,Residential,8473
4773.54,21.64,Weekday,Commercial,37435
4273.37,14.29,Weekend,Residential,41496
5341.65,15.6,Weekday,Commercial,46393
5750.07,16.46,Weekday,Industrial,45047
4749.64,18.3,Weekday,Residential,36423
5465.54,34.69,Weekend,Industrial,43380
4265.97,19.31,Weekend,Industrial,6650
5973.63,23.44,Weekday,Industrial,46417
2921.01,23.05,Weekend,Residential,11925
4776.54,11.85,Weekday,Industrial,20316
5290.06,13.96,Weekday,Industrial,33797
3791.16,18.75,Weekend,Residential,29898
3791.04,21.1,Weekend,Commercial,11331
5789.16,10.71,Weekend,Industrial,36454
4526.12,13.09,Weekday,Industrial,35031
3193.51,21.71,Weekday,Residential,29041
4854.04,10.2,Weekday,Industrial,16501
5268.16,16.19,Weekend,Commercial,39782
4796.83,20.48,Weekend,Residential,48785
5228.59,24.47,Weekday,Commercial,47819
4616.46,18.19,Weekday,Commercial,15548
5948.34,14.35,Weekday,Industrial,48802
2841.31,26.63,Weekend,Commercial,11289
4535.64,11.5,Weekday,Residential,46663
3513.41,11.3,Weekday,Commercial,12798
3148.79,27.49,Weekend,Residential,14525
2755.75,19.68,Weekend,Residential,8283
3435.21,31.06,Weekend,Residential,26010
3578.29,11.91,Weekend,Commercial,29757
4075.67,10.52,Weekday,Commercial,32765
4692.24,33.23,Weekday,Residential,34768
5094.1,16.32,Weekday,Residential,39714
5272.05,27.86,Weekday,Residential,44827
5241.91,10.29,Weekend,Industrial,35867
3495.35,20.74,Weekday,Commercial,13581
2330.09,31.12,Weekend,Residential,4314
3428.02,22.85,Weekend,Commercial,12245
4534.07,27.09,Weekend,Commercial,31790
4534.85,19.14,Weekday,Commercial,37811
4449.57,16.32,Weekend,Commercial,45423
4979.96,32.3,Weekend,Industrial,40829
3546.34,14.67,Weekend,Industrial,12194
4235.19,33.71,Weekday,Residential,34875
4104.73,28.01,Weekend,Industrial,9496
5513.36,34.55,Weekday,Industrial,35122
3244.98,16.48,Weekend,Residential,8348
5332.5,13.49,Weekend,Commercial,42399
4468.13,26.06,Weekend,Residential,49969
2433.47,19.56,Weekday,Commercial,625
4905.91,11.34,Weekend,Commercial,42252
4601.21,33.14,Weekday,Commercial,27338
4878.26,11.39,Weekend,Industrial,22304
3792.47,19.39,Weekday,Industrial,18588
3074.25,23.68,Weekend,Residential,2853
4548.56,12.44,Weekday,Residential,40415
4252.4,26.04,Weekend,Commercial,28452
4655.22,31.59,Weekend,Industrial,26463
3580.93,29.66,Weekday,Residential,18185
4643.49,28.96,Weekend,Industrial,30366
3804.34,33.81,Weekday,Industrial,3868
3407.54,17.56,Weekend,Industrial,1507
5672.37,23.99,Weekend,Industrial,38446
3437.74,24.61,Weekday,Commercial,10016
3565.7,16.32,Weekend,Commercial,9946
4900.84,10.68,Weekday,Commercial,44085
4099.62,12.68,Weekday,Industrial,2060
5063.09,20.38,Weekday,Commercial,41100
4772.8,27.67,Weekday,Commercial,32623
4905.84,15.49,Weekday,Industrial,32466
5025.81,25.25,Weekday,Industrial,39841
3097.45,28.75,Weekend,Commercial,6224
4346.16,28.35,Weekend,Residential,49958
4805.22,23.03,Weekday,Industrial,31407
3880.32,26.21,Weekday,Industrial,22427
5338.17,15.58,Weekend,Commercial,36721
2500.56,11.71,Weekend,Commercial,2982
5017.45,17.25,Weekday,Industrial,19074
2850.05,14.07,Weekend,Residential,3208
3838.73,10.49,Weekday,Commercial,10024
3927.94,32.21,Weekday,Residential,25780
5332.1,20.15,Weekday,Industrial,34657
2499.0,28.31,Weekend,Residential,3211
5718.21,33.84,Weekend,Industrial,46148
4550.69,14.2,Weekend,Commercial,43034
4063.62,12.93,Weekend,Commercial,29365
3177.82,27.67,Weekend,Commercial,15523
3729.59,26.45,Weekday,Industrial,20837
5042.08,11.91,Weekend,Industrial,35633
5473.33,29.52,Weekend,Commercial,46219
4934.94,34.63,Weekend,Commercial,33562
3100.51,17.94,Weekday,Residential,6204
4331.04,16.95,Weekend,Industrial,20316
3508.32,16.16,Weekday,Commercial,15782
4015.3,15.77,Weekday,Industrial,6683
4023.35,11.38,Weekend,Commercial,27205
3773.61,17.05,Weekend,Residential,9577
2998.57,33.79,Weekday,Commercial,10150
4104.1,33.52,Weekday,Industrial,23034
4149.86,13.2,Weekend,Commercial,9517
3932.59,25.79,Weekday,Residential,26431
3757.72,11.22,Weekday,Residential,22276
4246.55,33.56,Weekend,Commercial,19287
3465.03,16.82,Weekend,Residential,26183
3549.48,28.29,Weekday,Residential,25019
4258.49,27.52,Weekend,Commercial,36322
3279.51,22.53,Weekend,Residential,15843
4224.59,20.2,Weekday,Residential,26712
2564.94,30.84,Weekend,Commercial,7583
2571.98,17.8,Weekend,Residential,17820
4058.25,11.31,Weekend,Residential,23696
2724.82,28.85,Weekday,Industrial,981
3459.59,12.37,Weekday,Residential,19629
3322.79,17.67,Weekend,Industrial,9823
4643.44,33.2,Weekday,Residential,41589
5474.72,33.51,Weekend,Industrial,27245
4637.71,29.41,Weekday,Industrial,13095
3722.8,17.2,Weekday,Commercial,6776
5143.73,32.66,Weekday,Commercial,44741
4034.11,11.93,Weekend,Industrial,12675
4391.84,21.98,Weekday,Industrial,28435
4949.14,22.42,Weekday,Commercial,39025
3775.01,32.25,Weekday,Industrial,13525
4448.42,20.41,Weekday,Residential,37009
2406.04,31.41,Weekday,Residential,4262
3441.55,24.92,Weekday,Commercial,20123
5634.35,12.96,Weekday,Commercial,40983
4886.94,10.24,Weekday,Industrial,31963
4030.72,20.36,Weekday,Residential,23650
3057.53,27.05,Weekday,Industrial,2856
4514.09,19.04,Weekend,Commercial,29986
3744.59,30.66,Weekday,Commercial,16958
3631.54,16.94,Weekday,Residential,29125
3344.42,29.74,Weekday,Residential,25262
5126.0,22.94,Weekend,Commercial,47214
3571.76,22.81,Weekend,Residential,27116
3768.3,22.27,Weekend,Commercial,3593
4376.22,22.96,Weekday,Residential,43820
5580.25,24.99,Weekday,Industrial,45504
3715.45,23.29,Weekday,Industrial,838
3324.61,12.8,Weekend,Residential,34572
5382.43,23.38,Weekend,Commercial,42787
4090.41,33.54,Weekday,Residential,34162
5241.89,27.43,Weekend,Industrial,49981
4890.31,13.25,Weekend,Industrial,41131
3417.99,24.97,Weekend,Residential,25057
4841.23,17.91,Weekday,Industrial,22616
4993.7,10.38,Weekday,Commercial,37912
3683.59,33.17,Weekend,Commercial,24589
5227.37,24.63,Weekday,Residential,49810
5763.85,34.91,Weekend,Industrial,49768
4141.78,20.84,Weekday,Industrial,27920
3901.38,32.87,Weekday,Residential,30515
2554.39,33.47,Weekday,Residential,16835
4230.09,12.97,Weekday,Commercial,13499
4189.13,11.12,Weekday,Commercial,21695
4859.08,27.7,Weekend,Commercial,42152
3496.97,25.83,Weekend,Residential,10722
5877.19,11.26,Weekend,Industrial,49270
3724.42,17.38,Weekend,Industrial,10826
4114.45,19.48,Weekday,Industrial,7237
5518.13,20.24,Weekday,Industrial,40387
4217.88,22.83,Weekday,Residential,20041
4638.97,30.88,Weekday,Commercial,46667
3639.76,19.34,Weekday,Residential,17529
5416.01,30.67,Weekday,Industrial,29787
5980.98,26.33,Weekend,Commercial,49653
3602.33,18.42,Weekend,Industrial,11289
3599.73,31.84,Weekday,Industrial,1779
3932.56,30.65,Weekday,Industrial,11116
4213.66,17.0,Weekend,Residential,22973
4351.81,16.24,Weekday,Commercial,15860
6130.17,25.1,Weekend,Industrial,44913
3736.5,18.39,Weekend,Industrial,14169
4516.31,15.85,Weekday,Commercial,26111
5249.84,23.93,Weekend,Industrial,27990
5061.5,30.18,Weekend,Commercial,49648
5691.84,26.45,Weekend,Industrial,47682
4178.36,22.66,Weekday,Industrial,18833
4988.57,26.02,Weekday,Industrial,31773
2284.33,21.04,Weekend,Residential,7991
4879.42,31.53,Weekend,Residential,45141
4190.25,11.36,Weekend,Industrial,29341
3439.34,15.51,Weekday,Commercial,16938
4592.9,28.7,Weekend,Residential,45528
3967.63,25.28,Weekend,Commercial,21081
3510.28,20.16,Weekend,Residential,12222
3364.13,31.62,Weekend,Residential,30045
4230.79,16.61,Weekday,Industrial,16077
5134.71,34.03,Weekend,Industrial,38697
4008.78,31.32,Weekend,Industrial,9708
4798.68,13.13,Weekend,Commercial,33687
4752.66,11.55,Weekend,Commercial,20008
3811.73,23.14,Weekend,Residential,18949
4357.27,18.18,Weekend,Residential,47563
5335.23,11.53,Weekday,Residential,46058
3658.93,14.08,Weekday,Commercial,17587
2872.63,16.09,Weekend,Residential,2262
4377.04,33.49,Weekday,Residential,47690
3845.57,13.98,Weekday,Commercial,21109
3661.21,23.95,Weekend,Residential,14419
3796.71,13.13,Weekday,Commercial,10647
4785.27,15.11,Weekend,Industrial,27416
3127.07,28.96,Weekday,Residential,14237
4349.61,29.27,Weekend,Industrial,22919
5319.27,28.74,Weekend,Commercial,39059
4085.95,19.28,Weekend,Residential,32847
3945.47,28.41,Weekend,Commercial,24150
3809.69,18.67,Weekend,Industrial,10861
4056.28,27.82,Weekday,Industrial,13308
3580.56,24.59,Weekend,Residential,24070
4895.61,22.82,Weekend,Industrial,20194
4635.28,19.75,Weekday,Industrial,10681
3833.81,26.94,Weekday,Industrial,8570
3238.18,32.92,Weekend,Residential,33056
2904.51,21.54,Weekday,Residential,20644
4678.75,25.49,Weekend,Residential,47324
3125.85,29.13,Weekend,Residential,22230
5390.76,33.31,Weekend,Industrial,42346
2276.7,21.22,Weekday,Residential,4256
3733.52,16.83,Weekend,Commercial,12153
5633.01,34.04,Weekday,Industrial,40464
4696.73,12.46,Weekend,Industrial,13781
4172.54,20.29,Weekday,Residential,37480
3108.88,14.33,Weekday,Residential,18811
3723.56,21.58,Weekend,Residential,37629
2500.08,30.23,Weekday,Residential,17225
4360.36,17.29,Weekday,Industrial,23736
5212.46,29.74,Weekday,Industrial,34223
4374.59,34.58,Weekday,Industrial,2550
5543.64,14.86,Weekend,Industrial,36559
4507.73,31.45,Weekend,Commercial,35900
5393.95,20.22,Weekday,Industrial,37301
2862.17,18.34,Weekend,Commercial,9077
3820.1,17.59,Weekday,Commercial,17161
4963.62,27.67,Weekday,Industrial,33839
3761.75,26.35,Weekday,Commercial,8470
5147.11,20.06,Weekend,Commercial,30948
2241.96,22.11,Weekday,Commercial,2250
4314.56,29.31,Weekend,Industrial,26022
3665.55,29.9,Weekend,Residential,35701
4193.77,18.54,Weekend,Industrial,14129
3619.74,22.89,Weekend,Industrial,6484
4727.81,33.67,Weekend,Industrial,43323
4649.81,30.61,Weekday,Commercial,25057
3362.42,24.62,Weekday,Commercial,4310
5794.31,15.98,Weekend,Industrial,36484
3979.37,23.53,Weekday,Commercial,18940
3975.14,33.53,Weekend,Industrial,20456
5080.4,29.12,Weekend,Commercial,34520
4157.81,13.45,Weekday,Commercial,12701
3408.98,20.72,Weekend,Industrial,15652
3889.08,27.24,Weekday,Commercial,21306
5063.9,28.63,Weekday,Commercial,45741
4018.77,26.86,Weekday,Industrial,15061
5143.54,32.58,Weekend,Industrial,26529
4481.81,14.73,Weekend,Residential,29509
2906.57,34.91,Weekend,Residential,7222
4677.23,33.56,Weekend,Commercial,41901
5185.54,28.79,Weekday,Residential,48790
2521.63,29.51,Weekend,Commercial,5584
2602.69,17.65,Weekend,Commercial,3219
3653.25,18.62,Weekend,Commercial,24527
3511.71,25.93,Weekend,Residential,9627
4686.28,15.01,Weekday,Commercial,27227
3987.84,18.72,Weekend,Commercial,28029
3816.15,33.34,Weekday,Residential,30257
5925.39,17.47,Weekend,Industrial,45055
4454.51,10.73,Weekday,Residential,39163
3519.56,34.43,Weekend,Residential,29234
5342.17,33.57,Weekend,Commercial,46000
3409.14,32.89,Weekend,Residential,27072
5633.76,16.18,Weekday,Industrial,34893
3697.77,12.65,Weekend,Commercial,3420
3778.19,21.96,Weekday,Commercial,27160
4683.04,20.36,Weekend,Commercial,36897
6133.65,26.86,Weekday,Industrial,45359
3955.17,25.14,Weekend,Residential,15817
4584.62,18.9,Weekend,Residential,43582
4798.25,30.46,Weekday,Commercial,35411
2721.67,17.83,Weekday,Commercial,6616
4813.61,23.86,Weekday,Residential,38658
2811.68,23.83,Weekend,Industrial,3217
5245.78,34.4,Weekend,Industrial,47956
5147.21,32.18,Weekday,Commercial,39562
6146.35,18.9,Weekend,Industrial,48417
2318.15,17.8,Weekday,Residential,2943
4687.67,16.24,Weekend,Commercial,37377
5076.4,34.31,Weekday,Commercial,36159
4002.72,34.22,Weekend,Commercial,20076
5415.31,20.78,Weekend,Industrial,45584
6028.93,28.64,Weekend,Industrial,49043
5185.62,22.49,Weekend,Commercial,44361
3390.53,27.65,Weekend,Industrial,16376
2497.72,15.0,Weekday,Residential,6654
4269.02,27.18,Weekend,Industrial,32098
5178.97,29.65,Weekday,Industrial,36944
5100.56,20.4,Weekday,Industrial,22451
5054.19,22.39,Weekday,Industrial,18523
2137.35,22.79,Weekday,Residential,1226
2621.96,18.69,Weekday,Commercial,3308
3884.07,26.11,Weekend,Residential,29692
2745.7,23.99,Weekday,Residential,8313
4417.34,20.26,Weekday,Commercial,38373
5526.83,21.01,Weekend,Industrial,38638
3490.41,13.91,Weekday,Residential,23999
4531.32,28.82,Weekday,Commercial,36908
5628.95,25.75,Weekend,Industrial,47554
3536.81,29.59,Weekend,Industrial,9095
2684.98,11.96,Weekday,Residential,2896
3815.61,15.3,Weekday,Industrial,9442
4233.24,23.73,Weekday,Industrial,25438
3314.91,10.22,Weekend,Residential,30720
2580.42,10.88,Weekend,Residential,15096
3554.19,27.75,Weekday,Commercial,17459
4307.72,15.14,Weekend,Commercial,36868
3973.35,32.35,Weekday,Residential,29102
5669.86,25.14,Weekday,Industrial,37511
3947.61,23.89,Weekend,Industrial,16741
3118.23,33.11,Weekend,Residential,6276
5505.97,26.78,Weekday,Industrial,49997
4134.35,17.87,Weekday,Industrial,18274
5709.26,34.99,Weekend,Industrial,32684
4261.05,21.53,Weekend,Industrial,18174
2752.62,33.13,Weekday,Residential,23765
4310.2,21.22,Weekend,Commercial,25326
4674.31,18.11,Weekend,Commercial,34497
4710.15,34.51,Weekend,Industrial,24854
4884.18,30.78,Weekend,Commercial,36562
3920.23,24.01,Weekday,Residential,29206
2839.18,15.38,Weekend,Commercial,1322
4399.73,28.51,Weekday,Industrial,19046
5798.61,19.34,Weekday,Industrial,41306
4999.76,17.4,Weekday,Industrial,36335
6053.68,12.3,Weekday,Industrial,47304
5051.07,29.61,Weekend,Commercial,33782
3350.09,18.87,Weekday,Residential,21889
3771.12,18.82,Weekday,Residential,8304
4304.63,28.7,Weekday,Residential,39563
4408.36,26.93,Weekend,Residential,35060
6217.3,21.27,Weekend,Industrial,42273
2364.9,33.73,Weekday,Residential,6871
6014.94,17.99,Weekday,Industrial,39698
2260.82,34.26,Weekday,Residential,3842
4935.7,13.61,Weekend,Industrial,30475
3930.14,26.95,Weekend,Commercial,23898
4211.82,19.66,Weekday,Commercial,9002
4073.01,15.79,Weekend,Commercial,21439
2665.72,28.11,Weekday,Residential,10725
4446.22,24.53,Weekend,Commercial,24577
3314.12,26.77,Weekday,Commercial,20559
5842.72,34.66,Weekend,Industrial,45920
2288.52,17.03,Weekday,Residential,3073
3701.73,29.59,Weekday,Commercial,4994
4520.19,17.95,Weekday,Commercial,39999
4873.0,15.27,Weekend,Commercial,30587
3630.24,29.55,Weekend,Residential,32360
